2026-06-05 10:49:52 [INFO] run_daily: ====== Market AI Secretary 開始 [mode=morning] ======
2026-06-05 10:49:52 [INFO] run_daily: 実行時刻(JST): 2026-06-05 10:49:52
2026-06-05 10:49:52 [INFO] run_daily: --- Step 1: 価格データ取得 ---
2026-06-05 10:49:57 [INFO] fetch_prices: === 価格データ取得開始 ===
2026-06-05 10:50:02 [INFO] fetch_prices: [OK] 日経平均(^N225) = 66145.4219
2026-06-05 10:50:03 [ERROR] fetch_prices: [FAIL] TOPIX(^TOPX): 全ソースで取得失敗
2026-06-05 10:50:03 [INFO] fetch_prices: [OK] S&P500(^GSPC) = 7584.3101
2026-06-05 10:50:04 [INFO] fetch_prices: [OK] NASDAQ(^IXIC) = 26830.957
2026-06-05 10:50:04 [INFO] fetch_prices: [OK] ダウ工業株(^DJI) = 51561.9297
2026-06-05 10:50:05 [INFO] fetch_prices: [OK] VIX恐怖指数(^VIX) = 15.4
2026-06-05 10:50:05 [INFO] fetch_prices: [OK] ドル円(USDJPY=X) = 159.944
2026-06-05 10:50:05 [INFO] fetch_prices: [OK] ユーロドル(EURUSD=X) = 1.1617
2026-06-05 10:50:06 [INFO] fetch_prices: [OK] 米10年金利(^TNX) = 4.477
2026-06-05 10:50:06 [INFO] fetch_prices: [OK] 金(GOLD)(GC=F) = 4476.8999
2026-06-05 10:50:07 [INFO] fetch_prices: [OK] WTI原油(CL=F) = 93.01
2026-06-05 10:50:07 [INFO] fetch_prices: [OK] Bitcoin(BTC-USD) = 63228.8516
2026-06-05 10:50:07 [INFO] fetch_prices: 価格データ保存: C:\Users\中田　洋介\Desktop\tousijouhou\market-ai-secretary\data\raw\2026-06-05_prices.json, C:\Users\中田　洋介\Desktop\tousijouhou\market-ai-secretary\data\processed\2026-06-05_prices.csv
2026-06-05 10:50:07 [INFO] fetch_prices: === 取得完了: 成功11件 / 失敗1件 ===
2026-06-05 10:50:07 [INFO] run_daily: --- Step 2: ニュース取得 ---
2026-06-05 10:50:08 [INFO] fetch_news: === ニュース取得開始 ===
2026-06-05 10:50:08 [INFO] fetch_news: [OK] ニュース取得 [日銀]: 5件
2026-06-05 10:50:10 [INFO] fetch_news: [OK] ニュース取得 [FRB]: 5件
2026-06-05 10:50:12 [INFO] fetch_news: [OK] ニュース取得 [米国株]: 5件
2026-06-05 10:50:14 [INFO] fetch_news: [OK] ニュース取得 [日本株]: 5件
2026-06-05 10:50:15 [INFO] fetch_news: [OK] ニュース取得 [為替]: 5件
2026-06-05 10:50:17 [INFO] fetch_news: [OK] ニュース取得 [金利]: 5件
2026-06-05 10:50:19 [INFO] fetch_news: [OK] ニュース取得 [原油]: 5件
2026-06-05 10:50:20 [INFO] fetch_news: [OK] ニュース取得 [半導体]: 5件
2026-06-05 10:50:22 [INFO] fetch_news: [OK] ニュース取得 [決算]: 5件
2026-06-05 10:50:24 [INFO] fetch_news: [OK] ニュース取得 [地政学リスク]: 5件
2026-06-05 10:50:25 [INFO] fetch_news: ニュース保存: C:\Users\中田　洋介\Desktop\tousijouhou\market-ai-secretary\data\news\2026-06-05_news.json (50件)
2026-06-05 10:50:25 [INFO] fetch_news: === ニュース取得完了: 50件 ===
2026-06-05 10:50:25 [INFO] run_daily: --- Step 3: 指標計算 ---
2026-06-05 10:50:25 [INFO] indicators: リスク判定: 中立 (スコア=-1.20)
2026-06-05 10:50:25 [INFO] run_daily: --- Step 4: 分析 ---
2026-06-05 10:50:25 [INFO] analyze: === 分析開始 ===
2026-06-05 10:50:25 [INFO] analyze: === 分析完了 ===
2026-06-05 10:50:25 [INFO] run_daily: --- Step 5: チャート生成 ---
2026-06-05 10:50:26 [INFO] visualize: === チャート生成開始 ===
2026-06-05 10:50:27 [INFO] visualize: 指数チャート保存: C:\Users\中田　洋介\Desktop\tousijouhou\market-ai-secretary\reports\charts\2026-06-05_indices.png
2026-06-05 10:50:27 [INFO] visualize: 為替チャート保存: C:\Users\中田　洋介\Desktop\tousijouhou\market-ai-secretary\reports\charts\2026-06-05_forex.png
2026-06-05 10:50:27 [INFO] visualize: コモディティチャート保存: C:\Users\中田　洋介\Desktop\tousijouhou\market-ai-secretary\reports\charts\2026-06-05_commodities.png
2026-06-05 10:50:27 [INFO] visualize: リスクメーター保存: C:\Users\中田　洋介\Desktop\tousijouhou\market-ai-secretary\reports\charts\2026-06-05_risk_meter.png
2026-06-05 10:50:28 [INFO] visualize: ニュースチャート保存: C:\Users\中田　洋介\Desktop\tousijouhou\market-ai-secretary\reports\charts\2026-06-05_news.png
2026-06-05 10:50:28 [INFO] visualize: === チャート生成完了: 5件 ===
2026-06-05 10:50:28 [INFO] run_daily: --- Step 6: レポート生成 ---
2026-06-05 10:50:28 [INFO] report_writer: レポート保存: C:\Users\中田　洋介\Desktop\tousijouhou\market-ai-secretary\reports\2026-06-05_morning.md, C:\Users\中田　洋介\Desktop\tousijouhou\market-ai-secretary\reports\2026-06-05_morning.html
2026-06-05 10:50:28 [INFO] run_daily: Markdown: C:\Users\中田　洋介\Desktop\tousijouhou\market-ai-secretary\reports\2026-06-05_morning.md
2026-06-05 10:50:28 [INFO] run_daily: HTML:     C:\Users\中田　洋介\Desktop\tousijouhou\market-ai-secretary\reports\2026-06-05_morning.html
2026-06-05 10:50:28 [INFO] run_daily: --- Step 7: Telegram通知 ---
2026-06-05 10:50:28 [INFO] notify_telegram: Telegram 設定なし。通知をスキップします。レポートはローカルに保存済みです。
2026-06-05 10:50:28 [INFO] run_daily: ====== Market AI Secretary 完了 [mode=morning] ======
2026-06-05 11:28:04 [INFO] run_daily: ====== Market AI Secretary 開始 [mode=test] ======
2026-06-05 11:28:04 [INFO] run_daily: 実行時刻(JST): 2026-06-05 11:28:04
2026-06-05 11:28:04 [INFO] run_daily: --- Step 1: 価格データ取得 ---
2026-06-05 11:28:05 [INFO] fetch_prices: === 価格データ取得開始 ===
2026-06-05 11:28:07 [INFO] fetch_prices: [OK] 日経平均(^N225) = 66589.2812
2026-06-05 11:28:07 [ERROR] fetch_prices: [FAIL] TOPIX(^TOPX): 全ソースで取得失敗
2026-06-05 11:28:08 [INFO] fetch_prices: [OK] S&P500(^GSPC) = 7584.3101
2026-06-05 11:28:08 [INFO] fetch_prices: [OK] NASDAQ(^IXIC) = 26830.957
2026-06-05 11:28:08 [INFO] fetch_prices: [OK] ダウ工業株(^DJI) = 51561.9297
2026-06-05 11:28:09 [INFO] fetch_prices: [OK] VIX恐怖指数(^VIX) = 15.4
2026-06-05 11:28:09 [INFO] fetch_prices: [OK] ドル円(USDJPY=X) = 159.959
2026-06-05 11:28:10 [INFO] fetch_prices: [OK] ユーロドル(EURUSD=X) = 1.162
2026-06-05 11:28:10 [INFO] fetch_prices: [OK] 米10年金利(^TNX) = 4.477
2026-06-05 11:28:10 [INFO] fetch_prices: [OK] 金(GOLD)(GC=F) = 4476.1001
2026-06-05 11:28:11 [INFO] fetch_prices: [OK] WTI原油(CL=F) = 93.2
2026-06-05 11:28:11 [INFO] fetch_prices: [OK] Bitcoin(BTC-USD) = 62712.9883
2026-06-05 11:28:12 [INFO] fetch_prices: 価格データ保存: C:\Users\中田　洋介\Desktop\tousijouhou\market-ai-secretary\data\raw\2026-06-05_prices.json, C:\Users\中田　洋介\Desktop\tousijouhou\market-ai-secretary\data\processed\2026-06-05_prices.csv
2026-06-05 11:28:12 [INFO] fetch_prices: === 取得完了: 成功11件 / 失敗1件 ===
2026-06-05 11:28:12 [INFO] run_daily: --- Step 2: ニュース取得 ---
2026-06-05 11:28:12 [INFO] fetch_news: === ニュース取得開始 ===
2026-06-05 11:28:13 [INFO] fetch_news: [OK] ニュース取得 [日銀]: 5件
2026-06-05 11:28:14 [INFO] fetch_news: [OK] ニュース取得 [FRB]: 5件
2026-06-05 11:28:16 [INFO] fetch_news: [OK] ニュース取得 [米国株]: 5件
2026-06-05 11:28:18 [INFO] fetch_news: [OK] ニュース取得 [日本株]: 5件
2026-06-05 11:28:20 [INFO] fetch_news: [OK] ニュース取得 [為替]: 5件
2026-06-05 11:28:21 [INFO] fetch_news: [OK] ニュース取得 [金利]: 5件
2026-06-05 11:28:23 [INFO] fetch_news: [OK] ニュース取得 [原油]: 5件
2026-06-05 11:28:25 [INFO] fetch_news: [OK] ニュース取得 [半導体]: 5件
2026-06-05 11:28:27 [INFO] fetch_news: [OK] ニュース取得 [決算]: 5件
2026-06-05 11:28:29 [INFO] fetch_news: [OK] ニュース取得 [地政学リスク]: 5件
2026-06-05 11:28:30 [INFO] fetch_news: ニュース保存: C:\Users\中田　洋介\Desktop\tousijouhou\market-ai-secretary\data\news\2026-06-05_news.json (50件)
2026-06-05 11:28:30 [INFO] fetch_news: === ニュース取得完了: 50件 ===
2026-06-05 11:28:30 [INFO] run_daily: --- Step 3: 指標計算 ---
2026-06-05 11:28:30 [INFO] indicators: リスク判定: 中立 (スコア=-0.54)
2026-06-05 11:28:30 [INFO] run_daily: --- Step 4: 分析 ---
2026-06-05 11:28:30 [INFO] analyze: === 分析開始 ===
2026-06-05 11:28:30 [INFO] analyze: === 分析完了 ===
2026-06-05 11:28:30 [INFO] run_daily: --- Step 5: チャート生成 ---
2026-06-05 11:28:31 [INFO] visualize: === チャート生成開始 ===
2026-06-05 11:28:31 [INFO] visualize: ダッシュボード保存: C:\Users\中田　洋介\Desktop\tousijouhou\market-ai-secretary\reports\charts\2026-06-05_dashboard.png
2026-06-05 11:28:32 [INFO] visualize: 指数チャート保存: C:\Users\中田　洋介\Desktop\tousijouhou\market-ai-secretary\reports\charts\2026-06-05_indices.png
2026-06-05 11:28:32 [INFO] visualize: 為替チャート保存: C:\Users\中田　洋介\Desktop\tousijouhou\market-ai-secretary\reports\charts\2026-06-05_forex.png
2026-06-05 11:28:32 [INFO] visualize: コモディティチャート保存: C:\Users\中田　洋介\Desktop\tousijouhou\market-ai-secretary\reports\charts\2026-06-05_commodities.png
2026-06-05 11:28:32 [INFO] visualize: リスクメーター保存: C:\Users\中田　洋介\Desktop\tousijouhou\market-ai-secretary\reports\charts\2026-06-05_risk_meter.png
2026-06-05 11:28:33 [INFO] visualize: ニュースチャート保存: C:\Users\中田　洋介\Desktop\tousijouhou\market-ai-secretary\reports\charts\2026-06-05_news.png
2026-06-05 11:28:33 [INFO] visualize: === チャート生成完了: 6件 ===
2026-06-05 11:28:33 [INFO] run_daily: --- Step 6: レポート生成 ---
2026-06-05 11:28:33 [INFO] report_writer: レポート保存: C:\Users\中田　洋介\Desktop\tousijouhou\market-ai-secretary\reports\2026-06-05_test.md, C:\Users\中田　洋介\Desktop\tousijouhou\market-ai-secretary\reports\2026-06-05_test.html
2026-06-05 11:28:33 [INFO] run_daily: Markdown: C:\Users\中田　洋介\Desktop\tousijouhou\market-ai-secretary\reports\2026-06-05_test.md
2026-06-05 11:28:33 [INFO] run_daily: HTML:     C:\Users\中田　洋介\Desktop\tousijouhou\market-ai-secretary\reports\2026-06-05_test.html
2026-06-05 11:28:33 [INFO] run_daily: --- Step 7: Telegram通知 ---
2026-06-05 11:28:33 [INFO] notify_telegram: Telegram 設定なし。通知をスキップします。レポートはローカルに保存済みです。
2026-06-05 11:28:33 [INFO] run_daily: ====== Market AI Secretary 完了 [mode=test] ======
2026-06-05 11:47:48 [INFO] run_daily: ====== Market AI Secretary 開始 [mode=test] ======
2026-06-05 11:47:48 [INFO] run_daily: 実行時刻(JST): 2026-06-05 11:47:48
2026-06-05 11:47:48 [INFO] run_daily: --- Step 1: 価格データ・Fear & Greed 取得 ---
2026-06-05 11:47:49 [INFO] fetch_prices: === 価格データ取得開始 ===
2026-06-05 11:47:50 [INFO] fetch_prices: [OK] 日経平均(^N225) = 66661.4688
2026-06-05 11:47:51 [ERROR] fetch_prices: [FAIL] TOPIX(^TOPX): 全ソースで取得失敗
2026-06-05 11:47:51 [INFO] fetch_prices: [OK] S&P500(^GSPC) = 7584.3101
2026-06-05 11:47:52 [INFO] fetch_prices: [OK] NASDAQ(^IXIC) = 26830.957
2026-06-05 11:47:53 [INFO] fetch_prices: [OK] ダウ(^DJI) = 51561.9297
2026-06-05 11:47:53 [INFO] fetch_prices: [OK] VIX(^VIX) = 15.4
2026-06-05 11:47:54 [INFO] fetch_prices: [OK] ドル円(USDJPY=X) = 159.961
2026-06-05 11:47:55 [INFO] fetch_prices: [OK] ユーロドル(EURUSD=X) = 1.1617
2026-06-05 11:47:55 [INFO] fetch_prices: [OK] 米10年金利(^TNX) = 4.477
2026-06-05 11:47:56 [INFO] fetch_prices: [OK] 金(GOLD)(GC=F) = 4472.1001
2026-06-05 11:47:56 [INFO] fetch_prices: [OK] WTI原油(CL=F) = 93.42
2026-06-05 11:47:57 [INFO] fetch_prices: [OK] Bitcoin(BTC-USD) = 62632.1016
2026-06-05 11:47:57 [INFO] fetch_prices: [OK] NVIDIA(NVDA) = 218.66
2026-06-05 11:47:58 [INFO] fetch_prices: [OK] Apple(AAPL) = 311.23
2026-06-05 11:47:59 [INFO] fetch_prices: [OK] Tesla(TSLA) = 418.45
2026-06-05 11:48:00 [INFO] fetch_prices: [OK] Microsoft(MSFT) = 428.05
2026-06-05 11:48:01 [INFO] fetch_prices: [OK] Amazon(AMZN) = 253.79
2026-06-05 11:48:01 [INFO] fetch_prices: [OK] Meta(META) = 627.57
2026-06-05 11:48:02 [INFO] fetch_prices: [OK] トヨタ(7203.T) = 2853.5
2026-06-05 11:48:03 [INFO] fetch_prices: [OK] ソフトバンクG(9984.T) = 7373.0
2026-06-05 11:48:04 [INFO] fetch_prices: [OK] ソニーG(6758.T) = 3590.0
2026-06-05 11:48:04 [INFO] fetch_prices: [OK] 三菱UFJ(8306.T) = 3214.0
2026-06-05 11:48:05 [INFO] fetch_prices: [OK] アドバンテスト(6857.T) = 26900.0
2026-06-05 11:48:06 [INFO] fetch_prices: [OK] 信越化学(4063.T) = 7327.0
2026-06-05 11:48:07 [ERROR] fetch_prices: [FAIL] Fear & Greed 取得失敗: Expecting value: line 1 column 1 (char 0)
2026-06-05 11:48:07 [INFO] fetch_prices: 価格データ保存: C:\Users\中田　洋介\Desktop\tousijouhou\market-ai-secretary\data\raw\2026-06-05_prices.json
2026-06-05 11:48:07 [INFO] fetch_prices: === 取得完了: 成功23件 / 失敗1件 ===
2026-06-05 11:48:07 [INFO] run_daily: --- Step 2: ニュース取得 ---
2026-06-05 11:48:07 [INFO] fetch_news: === ニュース取得開始 ===
2026-06-05 11:48:08 [INFO] fetch_news: [OK] ニュース取得 [日銀]: 5件
2026-06-05 11:48:10 [INFO] fetch_news: [OK] ニュース取得 [FRB]: 5件
2026-06-05 11:48:12 [INFO] fetch_news: [OK] ニュース取得 [米国株]: 5件
2026-06-05 11:48:14 [INFO] fetch_news: [OK] ニュース取得 [日本株]: 5件
2026-06-05 11:48:19 [INFO] fetch_news: [OK] ニュース取得 [為替]: 5件
2026-06-05 11:48:21 [INFO] fetch_news: [OK] ニュース取得 [金利]: 5件
2026-06-05 11:48:23 [INFO] fetch_news: [OK] ニュース取得 [原油]: 5件
2026-06-05 11:48:24 [INFO] fetch_news: [OK] ニュース取得 [半導体]: 5件
2026-06-05 11:48:26 [INFO] fetch_news: [OK] ニュース取得 [決算]: 5件
2026-06-05 11:48:28 [INFO] fetch_news: [OK] ニュース取得 [地政学リスク]: 5件
2026-06-05 11:48:29 [INFO] fetch_news: ニュース保存: C:\Users\中田　洋介\Desktop\tousijouhou\market-ai-secretary\data\news\2026-06-05_news.json (50件)
2026-06-05 11:48:29 [INFO] fetch_news: === ニュース取得完了: 50件 ===
2026-06-05 11:48:29 [INFO] run_daily: --- Step 3: 指標計算 ---
2026-06-05 11:48:29 [INFO] indicators: リスク判定: 中立 (スコア=-0.40)
2026-06-05 11:48:29 [INFO] run_daily: --- Step 4: 分析 ---
2026-06-05 11:48:29 [INFO] analyze: === 分析開始 ===
2026-06-05 11:48:29 [INFO] analyze: === 分析完了 ===
2026-06-05 11:48:29 [INFO] run_daily: --- Step 5: チャート生成 ---
2026-06-05 11:48:30 [INFO] visualize: === チャート生成開始 ===
2026-06-05 11:48:30 [INFO] visualize: 指数チャート保存: C:\Users\中田　洋介\Desktop\tousijouhou\market-ai-secretary\reports\charts\2026-06-05_indices.png
2026-06-05 11:48:30 [INFO] visualize: 銘柄チャート保存: C:\Users\中田　洋介\Desktop\tousijouhou\market-ai-secretary\reports\charts\2026-06-05_stocks.png
2026-06-05 11:48:31 [INFO] visualize: コモディティチャート保存: C:\Users\中田　洋介\Desktop\tousijouhou\market-ai-secretary\reports\charts\2026-06-05_commodities.png
2026-06-05 11:48:31 [INFO] visualize: Fear&Greed保存: C:\Users\中田　洋介\Desktop\tousijouhou\market-ai-secretary\reports\charts\2026-06-05_fear_greed.png
2026-06-05 11:48:31 [INFO] visualize: リスクメーター保存: C:\Users\中田　洋介\Desktop\tousijouhou\market-ai-secretary\reports\charts\2026-06-05_risk_meter.png
2026-06-05 11:48:31 [INFO] visualize: ニュースチャート保存: C:\Users\中田　洋介\Desktop\tousijouhou\market-ai-secretary\reports\charts\2026-06-05_news.png
2026-06-05 11:48:31 [INFO] visualize: === チャート生成完了: 6件 ===
2026-06-05 11:48:31 [INFO] run_daily: --- Step 6: レポート生成 ---
2026-06-05 11:48:31 [INFO] report_writer: レポート保存: C:\Users\中田　洋介\Desktop\tousijouhou\market-ai-secretary\reports\2026-06-05_test.md, C:\Users\中田　洋介\Desktop\tousijouhou\market-ai-secretary\reports\2026-06-05_test.html
2026-06-05 11:48:31 [INFO] run_daily: Markdown: C:\Users\中田　洋介\Desktop\tousijouhou\market-ai-secretary\reports\2026-06-05_test.md
2026-06-05 11:48:31 [INFO] run_daily: HTML:     C:\Users\中田　洋介\Desktop\tousijouhou\market-ai-secretary\reports\2026-06-05_test.html
2026-06-05 11:48:31 [INFO] run_daily: --- Step 7: Telegram通知 ---
2026-06-05 11:48:31 [INFO] notify_telegram: Telegram 設定なし。通知をスキップします。レポートはローカルに保存済みです。
2026-06-05 11:48:31 [INFO] run_daily: ====== Market AI Secretary 完了 [mode=test] ======
2026-06-05 11:49:14 [INFO] run_daily: ====== Market AI Secretary 開始 [mode=test] ======
2026-06-05 11:49:14 [INFO] run_daily: 実行時刻(JST): 2026-06-05 11:49:14
2026-06-05 11:49:14 [INFO] run_daily: --- Step 1: 価格データ・Fear & Greed 取得 ---
2026-06-05 11:49:15 [INFO] fetch_prices: === 価格データ取得開始 ===
2026-06-05 11:49:16 [INFO] fetch_prices: [OK] 日経平均(^N225) = 66661.4688
2026-06-05 11:49:17 [ERROR] fetch_prices: [FAIL] TOPIX(^TOPX): 全ソースで取得失敗
2026-06-05 11:49:17 [INFO] fetch_prices: [OK] S&P500(^GSPC) = 7584.3101
2026-06-05 11:49:18 [INFO] fetch_prices: [OK] NASDAQ(^IXIC) = 26830.957
2026-06-05 11:49:19 [INFO] fetch_prices: [OK] ダウ(^DJI) = 51561.9297
2026-06-05 11:49:19 [INFO] fetch_prices: [OK] VIX(^VIX) = 15.4
2026-06-05 11:49:20 [INFO] fetch_prices: [OK] ドル円(USDJPY=X) = 159.957
2026-06-05 11:49:20 [INFO] fetch_prices: [OK] ユーロドル(EURUSD=X) = 1.1617
2026-06-05 11:49:21 [INFO] fetch_prices: [OK] 米10年金利(^TNX) = 4.477
2026-06-05 11:49:21 [INFO] fetch_prices: [OK] 金(GOLD)(GC=F) = 4472.6001
2026-06-05 11:49:22 [INFO] fetch_prices: [OK] WTI原油(CL=F) = 93.39
2026-06-05 11:49:22 [INFO] fetch_prices: [OK] Bitcoin(BTC-USD) = 62645.3984
2026-06-05 11:49:23 [INFO] fetch_prices: [OK] NVIDIA(NVDA) = 218.66
2026-06-05 11:49:24 [INFO] fetch_prices: [OK] Apple(AAPL) = 311.23
2026-06-05 11:49:24 [INFO] fetch_prices: [OK] Tesla(TSLA) = 418.45
2026-06-05 11:49:25 [INFO] fetch_prices: [OK] Microsoft(MSFT) = 428.05
2026-06-05 11:49:26 [INFO] fetch_prices: [OK] Amazon(AMZN) = 253.79
2026-06-05 11:49:26 [INFO] fetch_prices: [OK] Meta(META) = 627.57
2026-06-05 11:49:27 [INFO] fetch_prices: [OK] トヨタ(7203.T) = 2853.5
2026-06-05 11:49:27 [INFO] fetch_prices: [OK] ソフトバンクG(9984.T) = 7373.0
2026-06-05 11:49:28 [INFO] fetch_prices: [OK] ソニーG(6758.T) = 3590.0
2026-06-05 11:49:29 [INFO] fetch_prices: [OK] 三菱UFJ(8306.T) = 3214.0
2026-06-05 11:49:30 [INFO] fetch_prices: [OK] アドバンテスト(6857.T) = 26900.0
2026-06-05 11:49:30 [INFO] fetch_prices: [OK] 信越化学(4063.T) = 7327.0
2026-06-05 11:49:32 [INFO] fetch_prices: [OK] Fear & Greed: 12 (極度の恐怖)
2026-06-05 11:49:32 [INFO] fetch_prices: 価格データ保存: C:\Users\中田　洋介\Desktop\tousijouhou\market-ai-secretary\data\raw\2026-06-05_prices.json
2026-06-05 11:49:32 [INFO] fetch_prices: === 取得完了: 成功23件 / 失敗1件 ===
2026-06-05 11:49:32 [INFO] run_daily: --- Step 2: ニュース取得 ---
2026-06-05 11:49:32 [INFO] fetch_news: === ニュース取得開始 ===
2026-06-05 11:49:32 [INFO] fetch_news: [OK] ニュース取得 [日銀]: 5件
2026-06-05 11:49:33 [INFO] fetch_news: [OK] ニュース取得 [FRB]: 5件
2026-06-05 11:49:34 [INFO] fetch_news: [OK] ニュース取得 [米国株]: 5件
2026-06-05 11:49:35 [INFO] fetch_news: [OK] ニュース取得 [日本株]: 5件
2026-06-05 11:49:37 [INFO] fetch_news: [OK] ニュース取得 [為替]: 5件
2026-06-05 11:49:38 [INFO] fetch_news: [OK] ニュース取得 [金利]: 5件
2026-06-05 11:49:39 [INFO] fetch_news: [OK] ニュース取得 [原油]: 5件
2026-06-05 11:49:40 [INFO] fetch_news: [OK] ニュース取得 [半導体]: 5件
2026-06-05 11:49:42 [INFO] fetch_news: [OK] ニュース取得 [決算]: 5件
2026-06-05 11:49:43 [INFO] fetch_news: [OK] ニュース取得 [地政学リスク]: 5件
2026-06-05 11:49:44 [INFO] fetch_news: ニュース保存: C:\Users\中田　洋介\Desktop\tousijouhou\market-ai-secretary\data\news\2026-06-05_news.json (50件)
2026-06-05 11:49:44 [INFO] fetch_news: === ニュース取得完了: 50件 ===
2026-06-05 11:49:44 [INFO] run_daily: --- Step 3: 指標計算 ---
2026-06-05 11:49:44 [INFO] indicators: リスク判定: 中立 (スコア=-0.40)
2026-06-05 11:49:44 [INFO] run_daily: --- Step 4: 分析 ---
2026-06-05 11:49:44 [INFO] analyze: === 分析開始 ===
2026-06-05 11:49:44 [INFO] analyze: === 分析完了 ===
2026-06-05 11:49:44 [INFO] run_daily: --- Step 5: チャート生成 ---
2026-06-05 11:49:45 [INFO] visualize: === チャート生成開始 ===
2026-06-05 11:49:45 [INFO] visualize: 指数チャート保存: C:\Users\中田　洋介\Desktop\tousijouhou\market-ai-secretary\reports\charts\2026-06-05_indices.png
2026-06-05 11:49:45 [INFO] visualize: 銘柄チャート保存: C:\Users\中田　洋介\Desktop\tousijouhou\market-ai-secretary\reports\charts\2026-06-05_stocks.png
2026-06-05 11:49:45 [INFO] visualize: コモディティチャート保存: C:\Users\中田　洋介\Desktop\tousijouhou\market-ai-secretary\reports\charts\2026-06-05_commodities.png
2026-06-05 11:49:45 [INFO] visualize: Fear&Greed保存: C:\Users\中田　洋介\Desktop\tousijouhou\market-ai-secretary\reports\charts\2026-06-05_fear_greed.png
2026-06-05 11:49:46 [INFO] visualize: リスクメーター保存: C:\Users\中田　洋介\Desktop\tousijouhou\market-ai-secretary\reports\charts\2026-06-05_risk_meter.png
2026-06-05 11:49:46 [INFO] visualize: ニュースチャート保存: C:\Users\中田　洋介\Desktop\tousijouhou\market-ai-secretary\reports\charts\2026-06-05_news.png
2026-06-05 11:49:46 [INFO] visualize: === チャート生成完了: 6件 ===
2026-06-05 11:49:46 [INFO] run_daily: --- Step 6: レポート生成 ---
2026-06-05 11:49:46 [INFO] report_writer: レポート保存: C:\Users\中田　洋介\Desktop\tousijouhou\market-ai-secretary\reports\2026-06-05_test.md, C:\Users\中田　洋介\Desktop\tousijouhou\market-ai-secretary\reports\2026-06-05_test.html
2026-06-05 11:49:46 [INFO] run_daily: Markdown: C:\Users\中田　洋介\Desktop\tousijouhou\market-ai-secretary\reports\2026-06-05_test.md
2026-06-05 11:49:46 [INFO] run_daily: HTML:     C:\Users\中田　洋介\Desktop\tousijouhou\market-ai-secretary\reports\2026-06-05_test.html
2026-06-05 11:49:46 [INFO] run_daily: --- Step 7: Telegram通知 ---
2026-06-05 11:49:46 [INFO] notify_telegram: Telegram 設定なし。通知をスキップします。レポートはローカルに保存済みです。
2026-06-05 11:49:46 [INFO] run_daily: ====== Market AI Secretary 完了 [mode=test] ======
2026-06-05 13:43:43 [INFO] run_daily: ====== Market AI Secretary 開始 [mode=test] ======
2026-06-05 13:43:43 [INFO] run_daily: 実行時刻(JST): 2026-06-05 13:43:43
2026-06-05 13:43:43 [INFO] run_daily: --- Step 1: 価格データ取得 ---
2026-06-05 13:43:45 [INFO] fetch_prices: === 価格データ取得開始 ===
2026-06-05 13:43:46 [INFO] fetch_prices: [OK] 日経平均(^N225) = 66478.1172
2026-06-05 13:43:47 [ERROR] fetch_prices: [FAIL] TOPIX(^TOPX): 全ソースで取得失敗
2026-06-05 13:43:47 [INFO] fetch_prices: [OK] S&P500(^GSPC) = 7553.6802
2026-06-05 13:43:48 [INFO] fetch_prices: [OK] NASDAQ(^IXIC) = 26853.9805
2026-06-05 13:43:48 [INFO] fetch_prices: [OK] ダウ(^DJI) = 50687.0703
2026-06-05 13:43:49 [INFO] fetch_prices: [OK] VIX(^VIX) = 15.4
2026-06-05 13:43:49 [INFO] fetch_prices: [OK] ドル円(USDJPY=X) = 159.966
2026-06-05 13:43:50 [INFO] fetch_prices: [OK] ユーロドル(EURUSD=X) = 1.1618
2026-06-05 13:43:50 [INFO] fetch_prices: [OK] 米10年金利(^TNX) = 4.477
2026-06-05 13:43:51 [INFO] fetch_prices: [OK] 金(GOLD)(GC=F) = 4466.0
2026-06-05 13:43:52 [INFO] fetch_prices: [OK] WTI原油(CL=F) = 93.1
2026-06-05 13:43:52 [INFO] fetch_prices: [OK] Bitcoin(BTC-USD) = 62912.3789
2026-06-05 13:43:53 [INFO] fetch_prices: [OK] NVIDIA(NVDA) = 214.75
2026-06-05 13:43:53 [INFO] fetch_prices: [OK] Apple(AAPL) = 310.26
2026-06-05 13:43:54 [INFO] fetch_prices: [OK] Tesla(TSLA) = 423.7
2026-06-05 13:43:54 [INFO] fetch_prices: [OK] Microsoft(MSFT) = 427.34
2026-06-05 13:43:55 [INFO] fetch_prices: [OK] Amazon(AMZN) = 250.02
2026-06-05 13:43:55 [INFO] fetch_prices: [OK] Meta(META) = 622.98
2026-06-05 13:43:56 [INFO] fetch_prices: [OK] トヨタ(7203.T) = 2853.0
2026-06-05 13:43:57 [INFO] fetch_prices: [OK] ソフトバンクG(9984.T) = 7333.0
2026-06-05 13:43:57 [INFO] fetch_prices: [OK] ソニーG(6758.T) = 3587.0
2026-06-05 13:43:58 [INFO] fetch_prices: [OK] 三菱UFJ(8306.T) = 3210.0
2026-06-05 13:43:58 [INFO] fetch_prices: [OK] アドバンテスト(6857.T) = 26830.0
2026-06-05 13:43:59 [INFO] fetch_prices: [OK] 信越化学(4063.T) = 7308.0
2026-06-05 13:44:00 [INFO] fetch_prices: [OK] Fear & Greed: 12 (極度の恐怖)
2026-06-05 13:44:00 [INFO] fetch_prices: 価格データ保存: C:\Users\中田　洋介\Desktop\tousijouhou\market-ai-secretary\data\raw\2026-06-05_prices.json
2026-06-05 13:44:00 [INFO] fetch_prices: === 取得完了: 成功23件 / 失敗1件 ===
2026-06-05 13:44:00 [INFO] run_daily: --- Step 2: ニュース取得 ---
2026-06-05 13:44:00 [INFO] fetch_news: === ニュース取得開始 ===
2026-06-05 13:44:01 [INFO] fetch_news: [OK] ニュース取得 [日銀]: 5件
2026-06-05 13:44:03 [INFO] fetch_news: [OK] ニュース取得 [FRB]: 5件
2026-06-05 13:44:05 [INFO] fetch_news: [OK] ニュース取得 [米国株]: 5件
2026-06-05 13:44:07 [INFO] fetch_news: [OK] ニュース取得 [日本株]: 5件
2026-06-05 13:44:09 [INFO] fetch_news: [OK] ニュース取得 [為替]: 5件
2026-06-05 13:44:10 [INFO] fetch_news: [OK] ニュース取得 [金利]: 5件
2026-06-05 13:44:12 [INFO] fetch_news: [OK] ニュース取得 [原油]: 5件
2026-06-05 13:44:14 [INFO] fetch_news: [OK] ニュース取得 [半導体]: 5件
2026-06-05 13:44:16 [INFO] fetch_news: [OK] ニュース取得 [決算]: 5件
2026-06-05 13:44:17 [INFO] fetch_news: [OK] ニュース取得 [地政学リスク]: 5件
2026-06-05 13:44:18 [INFO] fetch_news: ニュース保存: C:\Users\中田　洋介\Desktop\tousijouhou\market-ai-secretary\data\news\2026-06-05_news.json (50件)
2026-06-05 13:44:18 [INFO] fetch_news: === ニュース取得完了: 50件 ===
2026-06-05 13:44:18 [INFO] run_daily: --- Step 3: 指標計算 ---
2026-06-05 13:44:18 [INFO] indicators: リスク判定: 弱気 (リスクオフ) (スコア=-2.31)
2026-06-05 13:44:18 [INFO] run_daily: --- Step 4: 分析 ---
2026-06-05 13:44:18 [INFO] analyze: === 分析開始 ===
2026-06-05 13:44:18 [INFO] analyze: === 分析完了 ===
2026-06-05 13:44:18 [INFO] run_daily: --- Step 5: matplotlibチャート生成 ---
2026-06-05 13:44:19 [INFO] visualize: === チャート生成開始 ===
2026-06-05 13:44:19 [INFO] visualize: 指数チャート保存: C:\Users\中田　洋介\Desktop\tousijouhou\market-ai-secretary\reports\charts\2026-06-05_indices.png
2026-06-05 13:44:20 [INFO] visualize: 銘柄チャート保存: C:\Users\中田　洋介\Desktop\tousijouhou\market-ai-secretary\reports\charts\2026-06-05_stocks.png
2026-06-05 13:44:20 [INFO] visualize: コモディティチャート保存: C:\Users\中田　洋介\Desktop\tousijouhou\market-ai-secretary\reports\charts\2026-06-05_commodities.png
2026-06-05 13:44:20 [INFO] visualize: Fear&Greed保存: C:\Users\中田　洋介\Desktop\tousijouhou\market-ai-secretary\reports\charts\2026-06-05_fear_greed.png
2026-06-05 13:44:20 [INFO] visualize: リスクメーター保存: C:\Users\中田　洋介\Desktop\tousijouhou\market-ai-secretary\reports\charts\2026-06-05_risk_meter.png
2026-06-05 13:44:20 [INFO] visualize: ニュースチャート保存: C:\Users\中田　洋介\Desktop\tousijouhou\market-ai-secretary\reports\charts\2026-06-05_news.png
2026-06-05 13:44:20 [INFO] visualize: === チャート生成完了: 6件 ===
2026-06-05 13:44:20 [INFO] run_daily: --- Step 6: Plotlyチャート生成 ---
2026-06-05 13:44:21 [INFO] visualize_plotly: === Plotly チャート生成開始 ===
2026-06-05 13:44:21 [INFO] visualize_plotly: [OK] indices
2026-06-05 13:44:21 [INFO] visualize_plotly: [OK] stocks
2026-06-05 13:44:21 [INFO] visualize_plotly: [OK] fear_greed
2026-06-05 13:44:21 [INFO] visualize_plotly: [OK] risk_meter
2026-06-05 13:44:21 [INFO] visualize_plotly: [OK] commodities
2026-06-05 13:44:21 [INFO] visualize_plotly: [OK] news
2026-06-05 13:44:21 [INFO] visualize_plotly: === Plotly 完了: 6件 ===
2026-06-05 13:44:21 [INFO] run_daily: --- Step 7: Ollama AI要約 ---
2026-06-05 13:44:25 [INFO] ai_summary: Ollama未起動のためAI要約をスキップ
2026-06-05 13:44:25 [INFO] run_daily: --- Step 8: レポート生成 ---
2026-06-05 13:44:25 [INFO] report_writer: レポート保存: C:\Users\中田　洋介\Desktop\tousijouhou\market-ai-secretary\reports\2026-06-05_test.html
2026-06-05 13:44:25 [INFO] run_daily: HTML: C:\Users\中田　洋介\Desktop\tousijouhou\market-ai-secretary\reports\2026-06-05_test.html
2026-06-05 13:44:25 [INFO] run_daily: --- Step 9: Telegram通知 ---
2026-06-05 13:44:25 [INFO] notify_telegram: Telegram 設定なし。通知をスキップします。レポートはローカルに保存済みです。
2026-06-05 13:44:25 [INFO] run_daily: ====== 完了 [mode=test] ======
2026-06-05 15:10:49 [INFO] run_daily: ====== Market AI Secretary 開始 [mode=test] ======
2026-06-05 15:10:49 [INFO] run_daily: 実行時刻(JST): 2026-06-05 15:10:49
2026-06-05 15:10:49 [INFO] run_daily: --- Step 1: 価格データ取得 ---
2026-06-05 15:10:51 [INFO] fetch_prices: === 価格データ取得開始 ===
2026-06-05 15:10:53 [INFO] fetch_prices: [OK] 日経平均(^N225) = 66539.5234
2026-06-05 15:10:53 [ERROR] fetch_prices: [FAIL] TOPIX(^TOPX): 全ソースで取得失敗
2026-06-05 15:10:54 [INFO] fetch_prices: [OK] S&P500(^GSPC) = 7553.6802
2026-06-05 15:10:54 [INFO] fetch_prices: [OK] NASDAQ(^IXIC) = 26853.9805
2026-06-05 15:10:55 [INFO] fetch_prices: [OK] ダウ(^DJI) = 50687.0703
2026-06-05 15:10:55 [INFO] fetch_prices: [OK] VIX(^VIX) = 16.06
2026-06-05 15:10:56 [INFO] fetch_prices: [OK] ドル円(USDJPY=X) = 159.956
2026-06-05 15:10:57 [INFO] fetch_prices: [OK] ユーロドル(EURUSD=X) = 1.1617
2026-06-05 15:10:57 [INFO] fetch_prices: [OK] 米10年金利(^TNX) = 4.491
2026-06-05 15:10:58 [INFO] fetch_prices: [OK] 金(GOLD)(GC=F) = 4467.1001
2026-06-05 15:10:58 [INFO] fetch_prices: [OK] WTI原油(CL=F) = 92.93
2026-06-05 15:10:59 [INFO] fetch_prices: [OK] Bitcoin(BTC-USD) = 62398.0195
2026-06-05 15:10:59 [INFO] fetch_prices: [OK] NVIDIA(NVDA) = 214.75
2026-06-05 15:11:00 [INFO] fetch_prices: [OK] Apple(AAPL) = 310.26
2026-06-05 15:11:00 [INFO] fetch_prices: [OK] Tesla(TSLA) = 423.7
2026-06-05 15:11:01 [INFO] fetch_prices: [OK] Microsoft(MSFT) = 427.34
2026-06-05 15:11:02 [INFO] fetch_prices: [OK] Amazon(AMZN) = 250.02
2026-06-05 15:11:02 [INFO] fetch_prices: [OK] Meta(META) = 622.98
2026-06-05 15:11:03 [INFO] fetch_prices: [OK] トヨタ(7203.T) = 2841.5
2026-06-05 15:11:03 [INFO] fetch_prices: [OK] ソフトバンクG(9984.T) = 7460.0
2026-06-05 15:11:04 [INFO] fetch_prices: [OK] ソニーG(6758.T) = 3572.0
2026-06-05 15:11:04 [INFO] fetch_prices: [OK] 三菱UFJ(8306.T) = 3209.0
2026-06-05 15:11:05 [INFO] fetch_prices: [OK] アドバンテスト(6857.T) = 26915.0
2026-06-05 15:11:06 [INFO] fetch_prices: [OK] 信越化学(4063.T) = 7327.0
2026-06-05 15:11:07 [INFO] fetch_prices: [OK] Fear & Greed: 12 (極度の恐怖)
2026-06-05 15:11:07 [INFO] fetch_prices: 価格データ保存: C:\Users\中田　洋介\Desktop\tousijouhou\market-ai-secretary\data\raw\2026-06-05_prices.json
2026-06-05 15:11:07 [INFO] fetch_prices: === 取得完了: 成功23件 / 失敗1件 ===
2026-06-05 15:11:07 [INFO] run_daily: --- Step 2: ニュース取得 ---
2026-06-05 15:11:07 [INFO] fetch_news: === ニュース取得開始 ===
2026-06-05 15:11:09 [INFO] fetch_news: [OK] ニュース取得 [日銀]: 5件
2026-06-05 15:11:11 [INFO] fetch_news: [OK] ニュース取得 [FRB]: 5件
2026-06-05 15:11:13 [INFO] fetch_news: [OK] ニュース取得 [米国株]: 5件
2026-06-05 15:11:16 [INFO] fetch_news: [OK] ニュース取得 [日本株]: 5件
2026-06-05 15:11:17 [INFO] fetch_news: [OK] ニュース取得 [為替]: 5件
2026-06-05 15:11:19 [INFO] fetch_news: [OK] ニュース取得 [金利]: 5件
2026-06-05 15:11:20 [INFO] fetch_news: [OK] ニュース取得 [原油]: 5件
2026-06-05 15:11:22 [INFO] fetch_news: [OK] ニュース取得 [半導体]: 5件
2026-06-05 15:11:24 [INFO] fetch_news: [OK] ニュース取得 [決算]: 5件
2026-06-05 15:11:25 [INFO] fetch_news: [OK] ニュース取得 [地政学リスク]: 5件
2026-06-05 15:11:26 [INFO] fetch_news: ニュース保存: C:\Users\中田　洋介\Desktop\tousijouhou\market-ai-secretary\data\news\2026-06-05_news.json (50件)
2026-06-05 15:11:26 [INFO] fetch_news: === ニュース取得完了: 50件 ===
2026-06-05 15:11:26 [INFO] run_daily: --- Step 3: 指標計算 ---
2026-06-05 15:11:26 [INFO] indicators: リスク判定: 弱気 (リスクオフ) (スコア=-5.21)
2026-06-05 15:11:26 [INFO] run_daily: --- Step 4: 分析 ---
2026-06-05 15:11:26 [INFO] analyze: === 分析開始 ===
2026-06-05 15:11:26 [INFO] analyze: === 分析完了 ===
2026-06-05 15:11:26 [INFO] run_daily: --- Step 5: matplotlibチャート生成 ---
2026-06-05 15:11:27 [INFO] visualize: === チャート生成開始 ===
2026-06-05 15:11:28 [INFO] visualize: 指数チャート保存: C:\Users\中田　洋介\Desktop\tousijouhou\market-ai-secretary\reports\charts\2026-06-05_indices.png
2026-06-05 15:11:29 [INFO] visualize: 銘柄チャート保存: C:\Users\中田　洋介\Desktop\tousijouhou\market-ai-secretary\reports\charts\2026-06-05_stocks.png
2026-06-05 15:11:29 [INFO] visualize: コモディティチャート保存: C:\Users\中田　洋介\Desktop\tousijouhou\market-ai-secretary\reports\charts\2026-06-05_commodities.png
2026-06-05 15:11:29 [INFO] visualize: Fear&Greed保存: C:\Users\中田　洋介\Desktop\tousijouhou\market-ai-secretary\reports\charts\2026-06-05_fear_greed.png
2026-06-05 15:11:29 [INFO] visualize: リスクメーター保存: C:\Users\中田　洋介\Desktop\tousijouhou\market-ai-secretary\reports\charts\2026-06-05_risk_meter.png
2026-06-05 15:11:30 [INFO] visualize: ニュースチャート保存: C:\Users\中田　洋介\Desktop\tousijouhou\market-ai-secretary\reports\charts\2026-06-05_news.png
2026-06-05 15:11:30 [INFO] visualize: === チャート生成完了: 6件 ===
2026-06-05 15:11:30 [INFO] run_daily: --- Step 6: Plotlyチャート生成 ---
2026-06-05 15:11:30 [INFO] visualize_plotly: === Plotly チャート生成開始 ===
2026-06-05 15:11:30 [INFO] visualize_plotly: [OK] indices
2026-06-05 15:11:30 [INFO] visualize_plotly: [OK] stocks
2026-06-05 15:11:30 [INFO] visualize_plotly: [OK] fear_greed
2026-06-05 15:11:30 [INFO] visualize_plotly: [OK] risk_meter
2026-06-05 15:11:30 [INFO] visualize_plotly: [OK] commodities
2026-06-05 15:11:31 [INFO] visualize_plotly: [OK] news
2026-06-05 15:11:31 [INFO] visualize_plotly: === Plotly 完了: 6件 ===
2026-06-05 15:11:31 [INFO] run_daily: --- Step 6b: 追加ニュース・Polymarket取得 ---
2026-06-05 15:11:31 [INFO] fetch_extra_news: === 追加ニュース・Polymarket 取得開始 ===
2026-06-05 15:11:31 [INFO] fetch_extra_news: [OK] NHK 経済: 6件
2026-06-05 15:11:32 [INFO] fetch_extra_news: [OK] Yahoo! ファイナンス: 6件
2026-06-05 15:11:33 [INFO] fetch_extra_news: [OK] 東洋経済: 5件
2026-06-05 15:11:35 [INFO] fetch_extra_news: [OK] MarketWatch: 5件
2026-06-05 15:11:36 [INFO] fetch_extra_news: [OK] FXStreet: 5件
2026-06-05 15:11:37 [INFO] fetch_extra_news: [OK] Investing.com: 5件
2026-06-05 15:11:38 [INFO] fetch_extra_news: [OK] Yahoo Finance: 5件
2026-06-05 15:11:39 [INFO] fetch_extra_news: [OK] Polymarket: 3件（金融・経済関連）
2026-06-05 15:11:39 [INFO] fetch_extra_news: 追加ニュース保存: 37件 / Polymarket: 3件
2026-06-05 15:11:39 [INFO] fetch_extra_news: === 完了: ニュース37件 / Polymarket3件 ===
2026-06-05 15:11:39 [INFO] run_daily: --- Step 7: Ollama AI要約 ---
2026-06-05 15:11:43 [WARNING] ai_summary: Ollamaにモデルが見つかりません
2026-06-05 15:11:43 [INFO] run_daily: --- Step 8: レポート生成 ---
2026-06-05 15:11:43 [INFO] report_writer: レポート保存: C:\Users\中田　洋介\Desktop\tousijouhou\market-ai-secretary\reports\2026-06-05_test.html
2026-06-05 15:11:43 [INFO] run_daily: HTML: C:\Users\中田　洋介\Desktop\tousijouhou\market-ai-secretary\reports\2026-06-05_test.html
2026-06-05 15:11:43 [INFO] run_daily: --- Step 9: Telegram通知 ---
2026-06-05 15:11:43 [INFO] notify_telegram: Telegram 設定なし。通知をスキップします。レポートはローカルに保存済みです。
2026-06-05 15:11:43 [INFO] run_daily: ====== 完了 [mode=test] ======
2026-06-05 15:34:07 [INFO] run_daily: ====== Market AI Secretary 開始 [mode=morning] ======
2026-06-05 15:34:07 [INFO] run_daily: 実行時刻(JST): 2026-06-05 15:34:07
2026-06-05 15:34:07 [INFO] run_daily: --- Step 1: 価格データ取得 ---
2026-06-05 15:34:09 [INFO] fetch_prices: === 価格データ取得開始 ===
2026-06-05 15:34:10 [INFO] fetch_prices: [OK] 日経平均(^N225) = 66600.0391
2026-06-05 15:34:11 [ERROR] fetch_prices: [FAIL] TOPIX(^TOPX): 全ソースで取得失敗
2026-06-05 15:34:11 [INFO] fetch_prices: [OK] S&P500(^GSPC) = 7584.3101
2026-06-05 15:34:12 [INFO] fetch_prices: [OK] NASDAQ(^IXIC) = 26830.9609
2026-06-05 15:34:12 [INFO] fetch_prices: [OK] ダウ(^DJI) = 51561.9297
2026-06-05 15:34:13 [INFO] fetch_prices: [OK] VIX(^VIX) = 15.4
2026-06-05 15:34:14 [INFO] fetch_prices: [OK] ドル円(USDJPY=X) = 159.941
2026-06-05 15:34:14 [INFO] fetch_prices: [OK] ユーロドル(EURUSD=X) = 1.1623
2026-06-05 15:34:15 [INFO] fetch_prices: [OK] 米10年金利(^TNX) = 4.491
2026-06-05 15:34:15 [INFO] fetch_prices: [OK] 金(GOLD)(GC=F) = 4468.8999
2026-06-05 15:34:16 [INFO] fetch_prices: [OK] WTI原油(CL=F) = 92.87
2026-06-05 15:34:16 [INFO] fetch_prices: [OK] Bitcoin(BTC-USD) = 61861.4297
2026-06-05 15:34:17 [INFO] fetch_prices: [OK] NVIDIA(NVDA) = 218.66
2026-06-05 15:34:17 [INFO] fetch_prices: [OK] Apple(AAPL) = 311.23
2026-06-05 15:34:18 [INFO] fetch_prices: [OK] Tesla(TSLA) = 418.45
2026-06-05 15:34:19 [INFO] fetch_prices: [OK] Microsoft(MSFT) = 428.05
2026-06-05 15:34:19 [INFO] fetch_prices: [OK] Amazon(AMZN) = 253.79
2026-06-05 15:34:20 [INFO] fetch_prices: [OK] Meta(META) = 622.98
2026-06-05 15:34:20 [INFO] fetch_prices: [OK] トヨタ(7203.T) = 2845.0
2026-06-05 15:34:21 [INFO] fetch_prices: [OK] ソフトバンクG(9984.T) = 7434.0
2026-06-05 15:34:21 [INFO] fetch_prices: [OK] ソニーG(6758.T) = 3571.0
2026-06-05 15:34:22 [INFO] fetch_prices: [OK] 三菱UFJ(8306.T) = 3208.0
2026-06-05 15:34:23 [INFO] fetch_prices: [OK] アドバンテスト(6857.T) = 26865.0
2026-06-05 15:34:23 [INFO] fetch_prices: [OK] 信越化学(4063.T) = 7346.0
2026-06-05 15:34:25 [INFO] fetch_prices: [OK] Fear & Greed: 12 (極度の恐怖)
2026-06-05 15:34:25 [INFO] fetch_prices: 価格データ保存: C:\Users\中田　洋介\Desktop\tousijouhou\market-ai-secretary\data\raw\2026-06-05_prices.json
2026-06-05 15:34:25 [INFO] fetch_prices: === 取得完了: 成功23件 / 失敗1件 ===
2026-06-05 15:34:25 [INFO] run_daily: --- Step 2: ニュース取得 ---
2026-06-05 15:34:25 [INFO] fetch_news: === ニュース取得開始 ===
2026-06-05 15:34:26 [INFO] fetch_news: [OK] ニュース取得 [日銀]: 5件
2026-06-05 15:34:28 [INFO] fetch_news: [OK] ニュース取得 [FRB]: 5件
2026-06-05 15:34:30 [INFO] fetch_news: [OK] ニュース取得 [米国株]: 5件
2026-06-05 15:34:32 [INFO] fetch_news: [OK] ニュース取得 [日本株]: 5件
2026-06-05 15:34:34 [INFO] fetch_news: [OK] ニュース取得 [為替]: 5件
2026-06-05 15:34:36 [INFO] fetch_news: [OK] ニュース取得 [金利]: 5件
2026-06-05 15:34:37 [INFO] fetch_news: [OK] ニュース取得 [原油]: 5件
2026-06-05 15:34:39 [INFO] fetch_news: [OK] ニュース取得 [半導体]: 5件
2026-06-05 15:34:41 [INFO] fetch_news: [OK] ニュース取得 [決算]: 5件
2026-06-05 15:34:43 [INFO] fetch_news: [OK] ニュース取得 [地政学リスク]: 5件
2026-06-05 15:34:44 [INFO] fetch_news: ニュース保存: C:\Users\中田　洋介\Desktop\tousijouhou\market-ai-secretary\data\news\2026-06-05_news.json (50件)
2026-06-05 15:34:44 [INFO] fetch_news: === ニュース取得完了: 50件 ===
2026-06-05 15:34:44 [INFO] run_daily: --- Step 3: 指標計算 ---
2026-06-05 15:34:44 [INFO] indicators: リスク判定: 中立 (スコア=1.13)
2026-06-05 15:34:44 [INFO] run_daily: --- Step 4: 分析 ---
2026-06-05 15:34:44 [INFO] analyze: === 分析開始 ===
2026-06-05 15:34:44 [INFO] analyze: === 分析完了 ===
2026-06-05 15:34:44 [INFO] run_daily: --- Step 5: matplotlibチャート生成 ---
2026-06-05 15:34:45 [INFO] visualize: === チャート生成開始 ===
2026-06-05 15:34:46 [INFO] visualize: 指数チャート保存: C:\Users\中田　洋介\Desktop\tousijouhou\market-ai-secretary\reports\charts\2026-06-05_indices.png
2026-06-05 15:34:46 [INFO] visualize: 銘柄チャート保存: C:\Users\中田　洋介\Desktop\tousijouhou\market-ai-secretary\reports\charts\2026-06-05_stocks.png
2026-06-05 15:34:47 [INFO] visualize: コモディティチャート保存: C:\Users\中田　洋介\Desktop\tousijouhou\market-ai-secretary\reports\charts\2026-06-05_commodities.png
2026-06-05 15:34:47 [INFO] visualize: Fear&Greed保存: C:\Users\中田　洋介\Desktop\tousijouhou\market-ai-secretary\reports\charts\2026-06-05_fear_greed.png
2026-06-05 15:34:47 [INFO] visualize: リスクメーター保存: C:\Users\中田　洋介\Desktop\tousijouhou\market-ai-secretary\reports\charts\2026-06-05_risk_meter.png
2026-06-05 15:34:47 [INFO] visualize: ニュースチャート保存: C:\Users\中田　洋介\Desktop\tousijouhou\market-ai-secretary\reports\charts\2026-06-05_news.png
2026-06-05 15:34:47 [INFO] visualize: === チャート生成完了: 6件 ===
2026-06-05 15:34:47 [INFO] run_daily: --- Step 6: Plotlyチャート生成 ---
2026-06-05 15:34:47 [INFO] visualize_plotly: === Plotly チャート生成開始 ===
2026-06-05 15:34:48 [INFO] visualize_plotly: [OK] indices
2026-06-05 15:34:48 [INFO] visualize_plotly: [OK] stocks
2026-06-05 15:34:48 [INFO] visualize_plotly: [OK] fear_greed
2026-06-05 15:34:48 [INFO] visualize_plotly: [OK] risk_meter
2026-06-05 15:34:48 [INFO] visualize_plotly: [OK] commodities
2026-06-05 15:34:48 [INFO] visualize_plotly: [OK] news
2026-06-05 15:34:48 [INFO] visualize_plotly: === Plotly 完了: 6件 ===
2026-06-05 15:34:48 [INFO] run_daily: --- Step 6b: 追加ニュース・Polymarket取得 ---
2026-06-05 15:34:48 [INFO] fetch_extra_news: === 追加ニュース・Polymarket 取得開始 ===
2026-06-05 15:34:48 [INFO] fetch_extra_news: [OK] NHK 経済: 6件
2026-06-05 15:34:49 [INFO] fetch_extra_news: [OK] Yahoo! ファイナンス: 6件
2026-06-05 15:34:50 [INFO] fetch_extra_news: [OK] 東洋経済: 5件
2026-06-05 15:34:52 [INFO] fetch_extra_news: [OK] MarketWatch: 5件
2026-06-05 15:34:53 [INFO] fetch_extra_news: [OK] FXStreet: 5件
2026-06-05 15:34:54 [INFO] fetch_extra_news: [OK] Investing.com: 5件
2026-06-05 15:34:55 [INFO] fetch_extra_news: [OK] Yahoo Finance: 5件
2026-06-05 15:34:56 [INFO] fetch_extra_news: [OK] Polymarket: 3件（金融・経済関連）
2026-06-05 15:34:56 [INFO] fetch_extra_news: 追加ニュース保存: 37件 / Polymarket: 3件
2026-06-05 15:34:56 [INFO] fetch_extra_news: === 完了: ニュース37件 / Polymarket3件 ===
2026-06-05 15:34:56 [INFO] run_daily: --- Step 7: Ollama AI要約 ---
2026-06-05 15:35:00 [WARNING] ai_summary: Ollamaにモデルが見つかりません
2026-06-05 15:35:00 [INFO] run_daily: --- Step 8: レポート生成 ---
2026-06-05 15:35:00 [INFO] report_writer: レポート保存: C:\Users\中田　洋介\Desktop\tousijouhou\market-ai-secretary\reports\2026-06-05_morning.html
2026-06-05 15:35:00 [INFO] run_daily: HTML: C:\Users\中田　洋介\Desktop\tousijouhou\market-ai-secretary\reports\2026-06-05_morning.html
2026-06-05 15:35:00 [INFO] run_daily: --- Step 9: Telegram通知 ---
2026-06-05 15:35:01 [INFO] notify_telegram: Telegram 設定なし。通知をスキップします。レポートはローカルに保存済みです。
2026-06-05 15:35:01 [INFO] run_daily: ====== 完了 [mode=morning] ======
2026-06-05 15:40:56 [INFO] run_daily: ====== Market AI Secretary 開始 [mode=test] ======
2026-06-05 15:40:56 [INFO] run_daily: 実行時刻(JST): 2026-06-05 15:40:56
2026-06-05 15:40:56 [INFO] run_daily: --- Step 1: 価格データ取得 ---
2026-06-05 15:40:57 [INFO] fetch_prices: === 価格データ取得開始 ===
2026-06-05 15:40:59 [INFO] fetch_prices: [OK] 日経平均(^N225) = 66611.7422
2026-06-05 15:40:59 [ERROR] fetch_prices: [FAIL] TOPIX(^TOPX): 全ソースで取得失敗
2026-06-05 15:41:00 [INFO] fetch_prices: [OK] S&P500(^GSPC) = 7584.3101
2026-06-05 15:41:00 [INFO] fetch_prices: [OK] NASDAQ(^IXIC) = 26830.9609
2026-06-05 15:41:01 [INFO] fetch_prices: [OK] ダウ(^DJI) = 51561.9297
2026-06-05 15:41:01 [INFO] fetch_prices: [OK] VIX（恐怖指数）(^VIX) = 15.4
2026-06-05 15:41:03 [INFO] fetch_prices: [OK] VIX9D（超短期）(^VIX9D) = 13.41
2026-06-05 15:41:03 [INFO] fetch_prices: [OK] VIX3M（3ヶ月）(^VIX3M) = 19.76
2026-06-05 15:41:04 [INFO] fetch_prices: [OK] VVIX（VIXのVIX）(^VVIX) = 89.8
2026-06-05 15:41:05 [INFO] fetch_prices: [OK] SKEW（テールリスク）(^SKEW) = 142.15
2026-06-05 15:41:05 [INFO] fetch_prices: [OK] 米10年金利(^TNX) = 4.491
2026-06-05 15:41:06 [INFO] fetch_prices: [OK] ドル円(USDJPY=X) = 159.943
2026-06-05 15:41:06 [INFO] fetch_prices: [OK] ユーロドル(EURUSD=X) = 1.1625
2026-06-05 15:41:07 [INFO] fetch_prices: [OK] 米10年金利(^TNX) = 4.491
2026-06-05 15:41:07 [INFO] fetch_prices: [OK] 金(GOLD)(GC=F) = 4471.3999
2026-06-05 15:41:08 [INFO] fetch_prices: [OK] WTI原油(CL=F) = 92.71
2026-06-05 15:41:08 [INFO] fetch_prices: [OK] Bitcoin(BTC-USD) = 61820.8906
2026-06-05 15:41:09 [INFO] fetch_prices: [OK] NVIDIA(NVDA) = 218.66
2026-06-05 15:41:09 [INFO] fetch_prices: [OK] Apple(AAPL) = 311.23
2026-06-05 15:41:10 [INFO] fetch_prices: [OK] Tesla(TSLA) = 418.45
2026-06-05 15:41:10 [INFO] fetch_prices: [OK] Microsoft(MSFT) = 428.05
2026-06-05 15:41:11 [INFO] fetch_prices: [OK] Amazon(AMZN) = 253.79
2026-06-05 15:41:11 [INFO] fetch_prices: [OK] Meta(META) = 622.98
2026-06-05 15:41:12 [INFO] fetch_prices: [OK] トヨタ(7203.T) = 2844.5
2026-06-05 15:41:12 [INFO] fetch_prices: [OK] ソフトバンクG(9984.T) = 7426.0
2026-06-05 15:41:13 [INFO] fetch_prices: [OK] ソニーG(6758.T) = 3573.0
2026-06-05 15:41:14 [INFO] fetch_prices: [OK] 三菱UFJ(8306.T) = 3214.0
2026-06-05 15:41:14 [INFO] fetch_prices: [OK] アドバンテスト(6857.T) = 26910.0
2026-06-05 15:41:15 [INFO] fetch_prices: [OK] 信越化学(4063.T) = 7337.0
2026-06-05 15:41:18 [INFO] fetch_prices: [OK] CNN Fear & Greed: 54.7 (中立 😐)
2026-06-05 15:41:18 [INFO] fetch_prices: 価格データ保存: C:\Users\中田　洋介\Desktop\tousijouhou\market-ai-secretary\data\raw\2026-06-05_prices.json
2026-06-05 15:41:18 [INFO] fetch_prices: === 取得完了: 成功27件 / 失敗1件 ===
2026-06-05 15:41:18 [INFO] run_daily: --- Step 2: ニュース取得 ---
2026-06-05 15:41:18 [INFO] fetch_news: === ニュース取得開始 ===
2026-06-05 15:41:19 [INFO] fetch_news: [OK] ニュース取得 [日銀]: 5件
2026-06-05 15:41:20 [INFO] fetch_news: [OK] ニュース取得 [FRB]: 5件
2026-06-05 15:41:22 [INFO] fetch_news: [OK] ニュース取得 [米国株]: 5件
2026-06-05 15:41:24 [INFO] fetch_news: [OK] ニュース取得 [日本株]: 5件
2026-06-05 15:41:26 [INFO] fetch_news: [OK] ニュース取得 [為替]: 5件
2026-06-05 15:41:28 [INFO] fetch_news: [OK] ニュース取得 [金利]: 5件
2026-06-05 15:41:30 [INFO] fetch_news: [OK] ニュース取得 [原油]: 5件
2026-06-05 15:41:32 [INFO] fetch_news: [OK] ニュース取得 [半導体]: 5件
2026-06-05 15:41:33 [INFO] fetch_news: [OK] ニュース取得 [決算]: 5件
2026-06-05 15:41:35 [INFO] fetch_news: [OK] ニュース取得 [地政学リスク]: 5件
2026-06-05 15:41:36 [INFO] fetch_news: ニュース保存: C:\Users\中田　洋介\Desktop\tousijouhou\market-ai-secretary\data\news\2026-06-05_news.json (50件)
2026-06-05 15:41:36 [INFO] fetch_news: === ニュース取得完了: 50件 ===
2026-06-05 15:41:36 [INFO] run_daily: --- Step 3: 指標計算 ---
2026-06-05 15:41:36 [INFO] indicators: リスク判定: 中立 (スコア=1.14)
2026-06-05 15:41:36 [INFO] run_daily: --- Step 4: 分析 ---
2026-06-05 15:41:36 [INFO] analyze: === 分析開始 ===
2026-06-05 15:41:36 [INFO] analyze: === 分析完了 ===
2026-06-05 15:41:36 [INFO] run_daily: --- Step 5: matplotlibチャート生成 ---
2026-06-05 15:41:37 [INFO] visualize: === チャート生成開始 ===
2026-06-05 15:41:37 [INFO] visualize: 指数チャート保存: C:\Users\中田　洋介\Desktop\tousijouhou\market-ai-secretary\reports\charts\2026-06-05_indices.png
2026-06-05 15:41:38 [INFO] visualize: 銘柄チャート保存: C:\Users\中田　洋介\Desktop\tousijouhou\market-ai-secretary\reports\charts\2026-06-05_stocks.png
2026-06-05 15:41:38 [INFO] visualize: コモディティチャート保存: C:\Users\中田　洋介\Desktop\tousijouhou\market-ai-secretary\reports\charts\2026-06-05_commodities.png
2026-06-05 15:41:38 [INFO] visualize: Fear&Greed保存: C:\Users\中田　洋介\Desktop\tousijouhou\market-ai-secretary\reports\charts\2026-06-05_fear_greed.png
2026-06-05 15:41:38 [INFO] visualize: リスクメーター保存: C:\Users\中田　洋介\Desktop\tousijouhou\market-ai-secretary\reports\charts\2026-06-05_risk_meter.png
2026-06-05 15:41:39 [INFO] visualize: ニュースチャート保存: C:\Users\中田　洋介\Desktop\tousijouhou\market-ai-secretary\reports\charts\2026-06-05_news.png
2026-06-05 15:41:39 [INFO] visualize: === チャート生成完了: 6件 ===
2026-06-05 15:41:39 [INFO] run_daily: --- Step 6: Plotlyチャート生成 ---
2026-06-05 15:41:39 [INFO] visualize_plotly: === Plotly チャート生成開始 ===
2026-06-05 15:41:39 [INFO] visualize_plotly: [OK] indices
2026-06-05 15:41:39 [INFO] visualize_plotly: [OK] stocks
2026-06-05 15:41:39 [INFO] visualize_plotly: [OK] fear_greed
2026-06-05 15:41:39 [INFO] visualize_plotly: [OK] risk_meter
2026-06-05 15:41:39 [INFO] visualize_plotly: [OK] commodities
2026-06-05 15:41:39 [INFO] visualize_plotly: [OK] news
2026-06-05 15:41:39 [INFO] visualize_plotly: === Plotly 完了: 6件 ===
2026-06-05 15:41:39 [INFO] run_daily: --- Step 6b: 追加ニュース・Polymarket取得 ---
2026-06-05 15:41:39 [INFO] fetch_extra_news: === 追加ニュース・Polymarket 取得開始 ===
2026-06-05 15:41:40 [INFO] fetch_extra_news: [OK] NHK 経済: 6件
2026-06-05 15:41:40 [INFO] fetch_extra_news: [OK] Yahoo! ファイナンス: 6件
2026-06-05 15:41:41 [INFO] fetch_extra_news: [OK] 東洋経済: 5件
2026-06-05 15:41:43 [INFO] fetch_extra_news: [OK] MarketWatch: 5件
2026-06-05 15:41:44 [INFO] fetch_extra_news: [OK] FXStreet: 5件
2026-06-05 15:41:45 [INFO] fetch_extra_news: [OK] Investing.com: 5件
2026-06-05 15:41:46 [INFO] fetch_extra_news: [OK] Yahoo Finance: 5件
2026-06-05 15:41:48 [INFO] fetch_extra_news: [OK] Polymarket: 3件（金融・経済関連）
2026-06-05 15:41:48 [INFO] fetch_extra_news: 追加ニュース保存: 37件 / Polymarket: 3件
2026-06-05 15:41:48 [INFO] fetch_extra_news: === 完了: ニュース37件 / Polymarket3件 ===
2026-06-05 15:41:48 [INFO] run_daily: --- Step 7: Ollama AI要約 ---
2026-06-05 15:41:52 [WARNING] ai_summary: Ollamaにモデルが見つかりません
2026-06-05 15:41:52 [INFO] run_daily: --- Step 8: レポート生成 ---
2026-06-05 15:41:52 [INFO] report_writer: レポート保存: C:\Users\中田　洋介\Desktop\tousijouhou\market-ai-secretary\reports\2026-06-05_test.html
2026-06-05 15:41:52 [INFO] run_daily: HTML: C:\Users\中田　洋介\Desktop\tousijouhou\market-ai-secretary\reports\2026-06-05_test.html
2026-06-05 15:41:52 [INFO] run_daily: --- Step 9: Telegram通知 ---
2026-06-05 15:41:52 [INFO] notify_telegram: Telegram 設定なし。通知をスキップします。レポートはローカルに保存済みです。
2026-06-05 15:41:52 [INFO] run_daily: ====== 完了 [mode=test] ======
2026-06-05 15:42:27 [INFO] run_daily: ====== Market AI Secretary 開始 [mode=morning] ======
2026-06-05 15:42:27 [INFO] run_daily: 実行時刻(JST): 2026-06-05 15:42:27
2026-06-05 15:42:27 [INFO] run_daily: --- Step 1: 価格データ取得 ---
2026-06-05 15:42:28 [INFO] fetch_prices: === 価格データ取得開始 ===
2026-06-05 15:42:30 [INFO] fetch_prices: [OK] 日経平均(^N225) = 66611.7422
2026-06-05 15:42:30 [ERROR] fetch_prices: [FAIL] TOPIX(^TOPX): 全ソースで取得失敗
2026-06-05 15:42:31 [INFO] fetch_prices: [OK] S&P500(^GSPC) = 7584.3101
2026-06-05 15:42:31 [INFO] fetch_prices: [OK] NASDAQ(^IXIC) = 26830.9609
2026-06-05 15:42:32 [INFO] fetch_prices: [OK] ダウ(^DJI) = 51561.9297
2026-06-05 15:42:32 [INFO] fetch_prices: [OK] VIX（恐怖指数）(^VIX) = 15.4
2026-06-05 15:42:33 [INFO] fetch_prices: [OK] VIX9D（超短期）(^VIX9D) = 13.41
2026-06-05 15:42:33 [INFO] fetch_prices: [OK] VIX3M（3ヶ月）(^VIX3M) = 19.76
2026-06-05 15:42:34 [INFO] fetch_prices: [OK] VVIX（VIXのVIX）(^VVIX) = 89.8
2026-06-05 15:42:34 [INFO] fetch_prices: [OK] SKEW（テールリスク）(^SKEW) = 142.15
2026-06-05 15:42:35 [INFO] fetch_prices: [OK] 米10年金利(^TNX) = 4.491
2026-06-05 15:42:35 [INFO] fetch_prices: [OK] ドル円(USDJPY=X) = 159.944
2026-06-05 15:42:36 [INFO] fetch_prices: [OK] ユーロドル(EURUSD=X) = 1.1627
2026-06-05 15:42:36 [INFO] fetch_prices: [OK] 米10年金利(^TNX) = 4.491
2026-06-05 15:42:37 [INFO] fetch_prices: [OK] 金(GOLD)(GC=F) = 4471.8999
2026-06-05 15:42:37 [INFO] fetch_prices: [OK] WTI原油(CL=F) = 92.75
2026-06-05 15:42:38 [INFO] fetch_prices: [OK] Bitcoin(BTC-USD) = 61777.4609
2026-06-05 15:42:38 [INFO] fetch_prices: [OK] NVIDIA(NVDA) = 218.66
2026-06-05 15:42:39 [INFO] fetch_prices: [OK] Apple(AAPL) = 311.23
2026-06-05 15:42:40 [INFO] fetch_prices: [OK] Tesla(TSLA) = 418.45
2026-06-05 15:42:40 [INFO] fetch_prices: [OK] Microsoft(MSFT) = 428.05
2026-06-05 15:42:41 [INFO] fetch_prices: [OK] Amazon(AMZN) = 253.79
2026-06-05 15:42:41 [INFO] fetch_prices: [OK] Meta(META) = 622.98
2026-06-05 15:42:42 [INFO] fetch_prices: [OK] トヨタ(7203.T) = 2844.5
2026-06-05 15:42:42 [INFO] fetch_prices: [OK] ソフトバンクG(9984.T) = 7426.0
2026-06-05 15:42:43 [INFO] fetch_prices: [OK] ソニーG(6758.T) = 3573.0
2026-06-05 15:42:43 [INFO] fetch_prices: [OK] 三菱UFJ(8306.T) = 3214.0
2026-06-05 15:42:44 [INFO] fetch_prices: [OK] アドバンテスト(6857.T) = 26910.0
2026-06-05 15:42:45 [INFO] fetch_prices: [OK] 信越化学(4063.T) = 7337.0
2026-06-05 15:42:46 [INFO] fetch_prices: [OK] CNN Fear & Greed: 54.7 (中立 😐)
2026-06-05 15:42:46 [INFO] fetch_prices: 価格データ保存: C:\Users\中田　洋介\Desktop\tousijouhou\market-ai-secretary\data\raw\2026-06-05_prices.json
2026-06-05 15:42:46 [INFO] fetch_prices: === 取得完了: 成功27件 / 失敗1件 ===
2026-06-05 15:42:46 [INFO] run_daily: --- Step 2: ニュース取得 ---
2026-06-05 15:42:46 [INFO] fetch_news: === ニュース取得開始 ===
2026-06-05 15:42:46 [INFO] fetch_news: [OK] ニュース取得 [日銀]: 5件
2026-06-05 15:42:47 [INFO] fetch_news: [OK] ニュース取得 [FRB]: 5件
2026-06-05 15:42:49 [INFO] fetch_news: [OK] ニュース取得 [米国株]: 5件
2026-06-05 15:42:50 [INFO] fetch_news: [OK] ニュース取得 [日本株]: 5件
2026-06-05 15:42:51 [INFO] fetch_news: [OK] ニュース取得 [為替]: 5件
2026-06-05 15:42:52 [INFO] fetch_news: [OK] ニュース取得 [金利]: 5件
2026-06-05 15:42:54 [INFO] fetch_news: [OK] ニュース取得 [原油]: 5件
2026-06-05 15:42:55 [INFO] fetch_news: [OK] ニュース取得 [半導体]: 5件
2026-06-05 15:42:56 [INFO] fetch_news: [OK] ニュース取得 [決算]: 5件
2026-06-05 15:42:58 [INFO] fetch_news: [OK] ニュース取得 [地政学リスク]: 5件
2026-06-05 15:42:59 [INFO] fetch_news: ニュース保存: C:\Users\中田　洋介\Desktop\tousijouhou\market-ai-secretary\data\news\2026-06-05_news.json (50件)
2026-06-05 15:42:59 [INFO] fetch_news: === ニュース取得完了: 50件 ===
2026-06-05 15:42:59 [INFO] run_daily: --- Step 3: 指標計算 ---
2026-06-05 15:42:59 [INFO] indicators: リスク判定: 中立 (スコア=1.13)
2026-06-05 15:42:59 [INFO] run_daily: --- Step 4: 分析 ---
2026-06-05 15:42:59 [INFO] analyze: === 分析開始 ===
2026-06-05 15:42:59 [INFO] analyze: === 分析完了 ===
2026-06-05 15:42:59 [INFO] run_daily: --- Step 5: matplotlibチャート生成 ---
2026-06-05 15:42:59 [INFO] visualize: === チャート生成開始 ===
2026-06-05 15:43:00 [INFO] visualize: 指数チャート保存: C:\Users\中田　洋介\Desktop\tousijouhou\market-ai-secretary\reports\charts\2026-06-05_indices.png
2026-06-05 15:43:00 [INFO] visualize: 銘柄チャート保存: C:\Users\中田　洋介\Desktop\tousijouhou\market-ai-secretary\reports\charts\2026-06-05_stocks.png
2026-06-05 15:43:01 [INFO] visualize: コモディティチャート保存: C:\Users\中田　洋介\Desktop\tousijouhou\market-ai-secretary\reports\charts\2026-06-05_commodities.png
2026-06-05 15:43:01 [INFO] visualize: Fear&Greed保存: C:\Users\中田　洋介\Desktop\tousijouhou\market-ai-secretary\reports\charts\2026-06-05_fear_greed.png
2026-06-05 15:43:01 [INFO] visualize: リスクメーター保存: C:\Users\中田　洋介\Desktop\tousijouhou\market-ai-secretary\reports\charts\2026-06-05_risk_meter.png
2026-06-05 15:43:02 [INFO] visualize: ニュースチャート保存: C:\Users\中田　洋介\Desktop\tousijouhou\market-ai-secretary\reports\charts\2026-06-05_news.png
2026-06-05 15:43:02 [INFO] visualize: === チャート生成完了: 6件 ===
2026-06-05 15:43:02 [INFO] run_daily: --- Step 6: Plotlyチャート生成 ---
2026-06-05 15:43:02 [INFO] visualize_plotly: === Plotly チャート生成開始 ===
2026-06-05 15:43:02 [INFO] visualize_plotly: [OK] indices
2026-06-05 15:43:02 [INFO] visualize_plotly: [OK] stocks
2026-06-05 15:43:02 [INFO] visualize_plotly: [OK] fear_greed
2026-06-05 15:43:02 [INFO] visualize_plotly: [OK] risk_meter
2026-06-05 15:43:02 [INFO] visualize_plotly: [OK] commodities
2026-06-05 15:43:02 [INFO] visualize_plotly: [OK] news
2026-06-05 15:43:02 [INFO] visualize_plotly: === Plotly 完了: 6件 ===
2026-06-05 15:43:02 [INFO] run_daily: --- Step 6b: 追加ニュース・Polymarket取得 ---
2026-06-05 15:43:02 [INFO] fetch_extra_news: === 追加ニュース・Polymarket 取得開始 ===
2026-06-05 15:43:03 [INFO] fetch_extra_news: [OK] NHK 経済: 6件
2026-06-05 15:43:04 [INFO] fetch_extra_news: [OK] Yahoo! ファイナンス: 6件
2026-06-05 15:43:05 [INFO] fetch_extra_news: [OK] 東洋経済: 5件
2026-06-05 15:43:06 [INFO] fetch_extra_news: [OK] MarketWatch: 5件
2026-06-05 15:43:07 [INFO] fetch_extra_news: [OK] FXStreet: 5件
2026-06-05 15:43:08 [INFO] fetch_extra_news: [OK] Investing.com: 5件
2026-06-05 15:43:10 [INFO] fetch_extra_news: [OK] Yahoo Finance: 5件
2026-06-05 15:43:11 [INFO] fetch_extra_news: [OK] Polymarket: 3件（金融・経済関連）
2026-06-05 15:43:11 [INFO] fetch_extra_news: 追加ニュース保存: 37件 / Polymarket: 3件
2026-06-05 15:43:11 [INFO] fetch_extra_news: === 完了: ニュース37件 / Polymarket3件 ===
2026-06-05 15:43:11 [INFO] run_daily: --- Step 7: Ollama AI要約 ---
2026-06-05 15:43:15 [WARNING] ai_summary: Ollamaにモデルが見つかりません
2026-06-05 15:43:15 [INFO] run_daily: --- Step 8: レポート生成 ---
2026-06-05 15:43:15 [INFO] report_writer: レポート保存: C:\Users\中田　洋介\Desktop\tousijouhou\market-ai-secretary\reports\2026-06-05_morning.html
2026-06-05 15:43:15 [INFO] run_daily: HTML: C:\Users\中田　洋介\Desktop\tousijouhou\market-ai-secretary\reports\2026-06-05_morning.html
2026-06-05 15:43:15 [INFO] run_daily: --- Step 9: Telegram通知 ---
2026-06-05 15:43:15 [INFO] notify_telegram: Telegram 設定なし。通知をスキップします。レポートはローカルに保存済みです。
2026-06-05 15:43:15 [INFO] run_daily: ====== 完了 [mode=morning] ======
2026-06-05 15:53:35 [INFO] fetch_extra_news: === 追加ニュース・Polymarket 取得開始 ===
2026-06-05 15:53:35 [INFO] fetch_extra_news: [OK] NHK 経済: 6件
2026-06-05 15:53:36 [INFO] fetch_extra_news: [OK] NHK トップ: 5件
2026-06-05 15:53:37 [INFO] fetch_extra_news: [OK] Yahoo! ファイナンス: 6件
2026-06-05 15:53:38 [INFO] fetch_extra_news: [OK] 東洋経済: 5件
2026-06-05 15:53:39 [INFO] fetch_extra_news: [OK] MarketWatch: 5件
2026-06-05 15:53:40 [INFO] fetch_extra_news: [OK] FXStreet（FX専門）: 5件
2026-06-05 15:53:41 [INFO] fetch_extra_news: [OK] Investing.com: 5件
2026-06-05 15:53:43 [INFO] fetch_extra_news: [OK] Yahoo Finance: 5件
2026-06-05 15:53:44 [INFO] fetch_extra_news: [OK] 日銀公式: 5件
2026-06-05 15:53:45 [INFO] fetch_extra_news: [OK] 首相官邸: 4件
2026-06-05 15:53:47 [INFO] fetch_extra_news: [OK] 財務省: 4件
2026-06-05 15:53:48 [INFO] fetch_extra_news: [OK] トレーダーズウェブ: 5件
2026-06-05 15:53:50 [INFO] fetch_extra_news: [OK] トレーダーズウェブFX: 4件
2026-06-05 15:53:51 [INFO] fetch_extra_news: [OK] みんかぶ: 5件
2026-06-05 15:53:52 [INFO] fetch_extra_news: [OK] みんかぶFX: 4件
2026-06-05 15:53:54 [INFO] fetch_extra_news: [OK] 日経225専門: 4件
2026-06-05 15:53:55 [INFO] fetch_extra_news: [OK] OANDA為替: 4件
2026-06-05 15:53:57 [INFO] fetch_extra_news: [OK] 帝国データバンク: 4件
2026-06-05 15:53:58 [INFO] fetch_extra_news: [OK] FedWatch利上げ確率: 4件
2026-06-05 15:54:00 [INFO] fetch_extra_news: [OK] PayPay証券: 3件
2026-06-05 15:54:02 [INFO] fetch_extra_news: [OK] Polymarket: 3件（金融・経済関連）
2026-06-05 15:54:02 [INFO] fetch_extra_news: 追加ニュース保存: 92件 / Polymarket: 3件
2026-06-05 15:54:02 [INFO] fetch_extra_news: === 完了: ニュース92件 / Polymarket3件 ===
2026-06-05 15:59:24 [INFO] run_daily: ====== Market AI Secretary 開始 [mode=morning] ======
2026-06-05 15:59:24 [INFO] run_daily: 実行時刻(JST): 2026-06-05 15:59:24
2026-06-05 15:59:24 [INFO] run_daily: --- Step 1: 価格データ取得 ---
2026-06-05 15:59:25 [INFO] fetch_prices: === 価格データ取得開始 ===
2026-06-05 15:59:26 [INFO] fetch_prices: [OK] 日経平均(^N225) = 66588.1172
2026-06-05 15:59:27 [ERROR] fetch_prices: [FAIL] TOPIX(^TOPX): 全ソースで取得失敗
2026-06-05 15:59:27 [INFO] fetch_prices: [OK] S&P500(^GSPC) = 7584.3101
2026-06-05 15:59:28 [INFO] fetch_prices: [OK] NASDAQ(^IXIC) = 26830.9609
2026-06-05 15:59:28 [INFO] fetch_prices: [OK] ダウ(^DJI) = 51561.9297
2026-06-05 15:59:29 [INFO] fetch_prices: [OK] VIX（恐怖指数）(^VIX) = 15.4
2026-06-05 15:59:29 [INFO] fetch_prices: [OK] VIX9D（超短期）(^VIX9D) = 12.65
2026-06-05 15:59:30 [INFO] fetch_prices: [OK] VIX3M（3ヶ月）(^VIX3M) = 19.23
2026-06-05 15:59:31 [INFO] fetch_prices: [OK] VVIX（VIXのVIX）(^VVIX) = 89.8
2026-06-05 15:59:31 [INFO] fetch_prices: [OK] SKEW（テールリスク）(^SKEW) = 142.15
2026-06-05 15:59:32 [INFO] fetch_prices: [OK] 米10年金利(^TNX) = 4.477
2026-06-05 15:59:32 [INFO] fetch_prices: [OK] ドル円(USDJPY=X) = 159.936
2026-06-05 15:59:33 [INFO] fetch_prices: [OK] ユーロドル(EURUSD=X) = 1.1625
2026-06-05 15:59:33 [INFO] fetch_prices: [OK] 米10年金利(^TNX) = 4.477
2026-06-05 15:59:34 [INFO] fetch_prices: [OK] 金(GOLD)(GC=F) = 4480.3999
2026-06-05 15:59:34 [INFO] fetch_prices: [OK] WTI原油(CL=F) = 92.76
2026-06-05 15:59:35 [INFO] fetch_prices: [OK] Bitcoin(BTC-USD) = 61857.6211
2026-06-05 15:59:35 [INFO] fetch_prices: [OK] NVIDIA(NVDA) = 218.66
2026-06-05 15:59:36 [INFO] fetch_prices: [OK] Apple(AAPL) = 311.23
2026-06-05 15:59:36 [INFO] fetch_prices: [OK] Tesla(TSLA) = 418.45
2026-06-05 15:59:37 [INFO] fetch_prices: [OK] Microsoft(MSFT) = 428.05
2026-06-05 15:59:37 [INFO] fetch_prices: [OK] Amazon(AMZN) = 253.79
2026-06-05 15:59:38 [INFO] fetch_prices: [OK] Meta(META) = 622.98
2026-06-05 15:59:38 [INFO] fetch_prices: [OK] トヨタ(7203.T) = 2850.0
2026-06-05 15:59:39 [INFO] fetch_prices: [OK] ソフトバンクG(9984.T) = 7426.0
2026-06-05 15:59:40 [INFO] fetch_prices: [OK] ソニーG(6758.T) = 3559.0
2026-06-05 15:59:40 [INFO] fetch_prices: [OK] 三菱UFJ(8306.T) = 3219.0
2026-06-05 15:59:41 [INFO] fetch_prices: [OK] アドバンテスト(6857.T) = 26765.0
2026-06-05 15:59:42 [INFO] fetch_prices: [OK] 信越化学(4063.T) = 7350.0
2026-06-05 15:59:43 [INFO] fetch_prices: [OK] CNN Fear & Greed: 54.7 (中立 😐)
2026-06-05 15:59:43 [INFO] fetch_prices: 価格データ保存: C:\Users\中田　洋介\Desktop\tousijouhou\market-ai-secretary\data\raw\2026-06-05_prices.json
2026-06-05 15:59:43 [INFO] fetch_prices: === 取得完了: 成功27件 / 失敗1件 ===
2026-06-05 15:59:43 [INFO] run_daily: --- Step 2: ニュース取得 ---
2026-06-05 15:59:43 [INFO] fetch_news: === ニュース取得開始 ===
2026-06-05 15:59:43 [INFO] fetch_news: [OK] ニュース取得 [日銀]: 5件
2026-06-05 15:59:45 [INFO] fetch_news: [OK] ニュース取得 [FRB 金融政策]: 5件
2026-06-05 15:59:47 [INFO] fetch_news: [OK] ニュース取得 [FedWatch 利上げ 確率]: 5件
2026-06-05 15:59:49 [INFO] fetch_news: [OK] ニュース取得 [site:boj.or.jp]: 5件
2026-06-05 15:59:51 [INFO] fetch_news: [OK] ニュース取得 [site:kantei.go.jp 経済]: 5件
2026-06-05 15:59:53 [INFO] fetch_news: [OK] ニュース取得 [site:mof.go.jp]: 5件
2026-06-05 15:59:55 [INFO] fetch_news: [OK] ニュース取得 [米国株]: 5件
2026-06-05 15:59:57 [INFO] fetch_news: [OK] ニュース取得 [日本株]: 5件
2026-06-05 15:59:59 [INFO] fetch_news: [OK] ニュース取得 [金利]: 5件
2026-06-05 16:00:01 [INFO] fetch_news: [OK] ニュース取得 [地政学リスク]: 5件
2026-06-05 16:00:02 [INFO] fetch_news: [OK] ニュース取得 [為替 ドル円]: 5件
2026-06-05 16:00:04 [INFO] fetch_news: [OK] ニュース取得 [OANDA 為替 レート]: 5件
2026-06-05 16:00:07 [INFO] fetch_news: [OK] ニュース取得 [半導体]: 5件
2026-06-05 16:00:08 [INFO] fetch_news: [OK] ニュース取得 [決算]: 5件
2026-06-05 16:00:11 [INFO] fetch_news: [OK] ニュース取得 [原油]: 5件
2026-06-05 16:00:13 [INFO] fetch_news: [OK] ニュース取得 [site:traders.co.jp]: 5件
2026-06-05 16:00:15 [INFO] fetch_news: [OK] ニュース取得 [site:minkabu.jp 株]: 5件
2026-06-05 16:00:17 [INFO] fetch_news: [OK] ニュース取得 [site:fx.minkabu.jp]: 5件
2026-06-05 16:00:19 [INFO] fetch_news: [OK] ニュース取得 [site:nikkei225jp.com]: 5件
2026-06-05 16:00:21 [INFO] fetch_news: [OK] ニュース取得 [帝国データバンク 倒産]: 5件
2026-06-05 16:00:22 [INFO] fetch_news: [OK] ニュース取得 [site:tdb.co.jp]: 5件
2026-06-05 16:00:23 [INFO] fetch_news: ニュース保存: C:\Users\中田　洋介\Desktop\tousijouhou\market-ai-secretary\data\news\2026-06-05_news.json (105件)
2026-06-05 16:00:23 [INFO] fetch_news: === ニュース取得完了: 105件 ===
2026-06-05 16:00:23 [INFO] run_daily: --- Step 3: 指標計算 ---
2026-06-05 16:00:23 [INFO] indicators: リスク判定: 中立 (スコア=1.03)
2026-06-05 16:00:23 [INFO] run_daily: --- Step 4: 分析 ---
2026-06-05 16:00:23 [INFO] analyze: === 分析開始 ===
2026-06-05 16:00:23 [INFO] analyze: === 分析完了 ===
2026-06-05 16:00:23 [INFO] run_daily: --- Step 5: matplotlibチャート生成 ---
2026-06-05 16:00:24 [INFO] visualize: === チャート生成開始 ===
2026-06-05 16:00:25 [INFO] visualize: 指数チャート保存: C:\Users\中田　洋介\Desktop\tousijouhou\market-ai-secretary\reports\charts\2026-06-05_indices.png
2026-06-05 16:00:25 [INFO] visualize: 銘柄チャート保存: C:\Users\中田　洋介\Desktop\tousijouhou\market-ai-secretary\reports\charts\2026-06-05_stocks.png
2026-06-05 16:00:25 [INFO] visualize: コモディティチャート保存: C:\Users\中田　洋介\Desktop\tousijouhou\market-ai-secretary\reports\charts\2026-06-05_commodities.png
2026-06-05 16:00:26 [INFO] visualize: Fear&Greed保存: C:\Users\中田　洋介\Desktop\tousijouhou\market-ai-secretary\reports\charts\2026-06-05_fear_greed.png
2026-06-05 16:00:26 [INFO] visualize: リスクメーター保存: C:\Users\中田　洋介\Desktop\tousijouhou\market-ai-secretary\reports\charts\2026-06-05_risk_meter.png
2026-06-05 16:00:26 [INFO] visualize: ニュースチャート保存: C:\Users\中田　洋介\Desktop\tousijouhou\market-ai-secretary\reports\charts\2026-06-05_news.png
2026-06-05 16:00:26 [INFO] visualize: === チャート生成完了: 6件 ===
2026-06-05 16:00:26 [INFO] run_daily: --- Step 6: Plotlyチャート生成 ---
2026-06-05 16:00:27 [INFO] visualize_plotly: === Plotly チャート生成開始 ===
2026-06-05 16:00:27 [INFO] visualize_plotly: [OK] indices
2026-06-05 16:00:27 [INFO] visualize_plotly: [OK] stocks
2026-06-05 16:00:27 [INFO] visualize_plotly: [OK] fear_greed
2026-06-05 16:00:27 [INFO] visualize_plotly: [OK] risk_meter
2026-06-05 16:00:27 [INFO] visualize_plotly: [OK] commodities
2026-06-05 16:00:27 [INFO] visualize_plotly: [OK] news
2026-06-05 16:00:27 [INFO] visualize_plotly: === Plotly 完了: 6件 ===
2026-06-05 16:00:27 [INFO] run_daily: --- Step 6b: 追加ニュース・Polymarket取得 ---
2026-06-05 16:00:27 [INFO] fetch_extra_news: === 追加ニュース・Polymarket 取得開始 ===
2026-06-05 16:00:27 [INFO] fetch_extra_news: [OK] NHK 経済: 6件
2026-06-05 16:00:28 [INFO] fetch_extra_news: [OK] NHK トップ: 5件
2026-06-05 16:00:29 [INFO] fetch_extra_news: [OK] Yahoo! ファイナンス: 6件
2026-06-05 16:00:30 [INFO] fetch_extra_news: [OK] 東洋経済: 5件
2026-06-05 16:00:32 [INFO] fetch_extra_news: [OK] MarketWatch: 5件
2026-06-05 16:00:33 [INFO] fetch_extra_news: [OK] FXStreet（FX専門）: 5件
2026-06-05 16:00:34 [INFO] fetch_extra_news: [OK] Investing.com: 5件
2026-06-05 16:00:36 [INFO] fetch_extra_news: [OK] Yahoo Finance: 5件
2026-06-05 16:00:37 [INFO] fetch_extra_news: [OK] 日銀公式: 5件
2026-06-05 16:00:39 [INFO] fetch_extra_news: [OK] 首相官邸: 4件
2026-06-05 16:00:40 [INFO] fetch_extra_news: [OK] 財務省: 4件
2026-06-05 16:00:42 [INFO] fetch_extra_news: [OK] トレーダーズウェブ: 5件
2026-06-05 16:00:44 [INFO] fetch_extra_news: [OK] トレーダーズウェブFX: 4件
2026-06-05 16:00:45 [INFO] fetch_extra_news: [OK] みんかぶ: 5件
2026-06-05 16:00:46 [INFO] fetch_extra_news: [OK] みんかぶFX: 4件
2026-06-05 16:00:47 [INFO] fetch_extra_news: [OK] 日経225専門: 4件
2026-06-05 16:00:49 [INFO] fetch_extra_news: [OK] OANDA為替: 4件
2026-06-05 16:00:51 [INFO] fetch_extra_news: [OK] 帝国データバンク: 4件
2026-06-05 16:00:52 [INFO] fetch_extra_news: [OK] FedWatch利上げ確率: 4件
2026-06-05 16:00:54 [INFO] fetch_extra_news: [OK] PayPay証券: 3件
2026-06-05 16:00:56 [INFO] fetch_extra_news: [OK] Polymarket: 3件（金融・経済関連）
2026-06-05 16:00:56 [INFO] fetch_extra_news: 追加ニュース保存: 92件 / Polymarket: 3件
2026-06-05 16:00:56 [INFO] fetch_extra_news: === 完了: ニュース92件 / Polymarket3件 ===
2026-06-05 16:00:56 [INFO] run_daily: --- Step 7: Ollama AI要約 ---
2026-06-05 16:01:00 [WARNING] ai_summary: Ollamaにモデルが見つかりません
2026-06-05 16:01:00 [INFO] run_daily: --- Step 8: レポート生成 ---
2026-06-05 16:01:00 [INFO] report_writer: レポート保存: C:\Users\中田　洋介\Desktop\tousijouhou\market-ai-secretary\reports\2026-06-05_morning.html
2026-06-05 16:01:00 [INFO] run_daily: HTML: C:\Users\中田　洋介\Desktop\tousijouhou\market-ai-secretary\reports\2026-06-05_morning.html
2026-06-05 16:01:00 [INFO] run_daily: --- Step 9: Telegram通知 ---
2026-06-05 16:01:00 [INFO] notify_telegram: Telegram 設定なし。通知をスキップします。レポートはローカルに保存済みです。
2026-06-05 16:01:00 [INFO] run_daily: ====== 完了 [mode=morning] ======
2026-06-05 16:08:19 [INFO] fetch_extra_news: [OK] NHK 経済: 6件
2026-06-05 16:08:21 [INFO] fetch_extra_news: [OK] NHK トップ: 5件
2026-06-05 16:08:24 [INFO] fetch_extra_news: [OK] Yahoo! ファイナンス: 6件
2026-06-05 16:08:26 [INFO] fetch_extra_news: [OK] 東洋経済: 5件
2026-06-05 16:08:28 [INFO] fetch_extra_news: [OK] MarketWatch: 5件
2026-06-05 16:08:30 [INFO] fetch_extra_news: [OK] FXStreet（FX専門）: 5件
2026-06-05 16:08:31 [INFO] fetch_extra_news: [OK] Investing.com: 5件
2026-06-05 16:08:34 [INFO] fetch_extra_news: [OK] Yahoo Finance: 5件
2026-06-05 16:08:38 [INFO] fetch_extra_news: [OK] 日銀公式: 5件
2026-06-05 16:08:40 [INFO] fetch_extra_news: [OK] 首相官邸: 4件
2026-06-05 16:08:42 [INFO] fetch_extra_news: [OK] 財務省: 4件
2026-06-05 16:08:43 [INFO] fetch_extra_news: [OK] トレーダーズウェブ: 5件
2026-06-05 16:08:46 [INFO] fetch_extra_news: [OK] トレーダーズウェブFX: 4件
2026-06-05 16:08:48 [INFO] fetch_extra_news: [OK] みんかぶ: 5件
2026-06-05 16:08:50 [INFO] fetch_extra_news: [OK] みんかぶFX: 4件
2026-06-05 16:08:52 [INFO] fetch_extra_news: [OK] 日経225専門: 4件
2026-06-05 16:08:54 [INFO] fetch_extra_news: [OK] OANDA為替: 4件
2026-06-05 16:08:55 [INFO] fetch_extra_news: [OK] 帝国データバンク: 4件
2026-06-05 16:08:57 [INFO] fetch_extra_news: [OK] FedWatch利上げ確率: 4件
2026-06-05 16:08:59 [INFO] fetch_extra_news: [OK] PayPay証券: 3件
2026-06-05 16:09:20 [INFO] fetch_extra_news: [OK] NHK 経済: 6件
2026-06-05 16:09:21 [INFO] fetch_extra_news: [OK] NHK トップ: 5件
2026-06-05 16:09:22 [INFO] fetch_extra_news: [OK] Yahoo! ファイナンス: 6件
2026-06-05 16:09:23 [INFO] fetch_extra_news: [OK] 東洋経済: 5件
2026-06-05 16:09:25 [INFO] fetch_extra_news: [OK] MarketWatch: 5件
2026-06-05 16:09:26 [INFO] fetch_extra_news: [OK] FXStreet（FX専門）: 5件
2026-06-05 16:09:27 [INFO] fetch_extra_news: [OK] Investing.com: 5件
2026-06-05 16:09:28 [INFO] fetch_extra_news: [OK] Yahoo Finance: 5件
2026-06-05 16:09:29 [INFO] fetch_extra_news: [OK] 日銀公式: 5件
2026-06-05 16:09:30 [INFO] fetch_extra_news: [OK] 首相官邸: 4件
2026-06-05 16:09:31 [INFO] fetch_extra_news: [OK] 財務省: 4件
2026-06-05 16:09:33 [INFO] fetch_extra_news: [OK] トレーダーズウェブ: 5件
2026-06-05 16:09:34 [INFO] fetch_extra_news: [OK] トレーダーズウェブFX: 4件
2026-06-05 16:09:35 [INFO] fetch_extra_news: [OK] みんかぶ: 5件
2026-06-05 16:09:36 [INFO] fetch_extra_news: [OK] みんかぶFX: 4件
2026-06-05 16:09:38 [INFO] fetch_extra_news: [OK] 日経225専門: 4件
2026-06-05 16:09:39 [INFO] fetch_extra_news: [OK] OANDA為替: 4件
2026-06-05 16:09:40 [INFO] fetch_extra_news: [OK] 帝国データバンク: 4件
2026-06-05 16:09:41 [INFO] fetch_extra_news: [OK] FedWatch利上げ確率: 4件
2026-06-05 16:09:43 [INFO] fetch_extra_news: [OK] PayPay証券: 3件
2026-06-05 16:25:27 [INFO] run_daily: ====== Market AI Secretary 開始 [mode=morning] ======
2026-06-05 16:25:27 [INFO] run_daily: 実行時刻(JST): 2026-06-05 16:25:27
2026-06-05 16:25:27 [INFO] run_daily: --- Step 1: 価格データ取得 ---
2026-06-05 16:25:29 [INFO] fetch_prices: === 価格データ取得開始 ===
2026-06-05 16:25:31 [INFO] fetch_prices: [OK] 日経平均(^N225) = 66588.1172
2026-06-05 16:25:32 [ERROR] fetch_prices: [FAIL] TOPIX(^TOPX): 全ソースで取得失敗
2026-06-05 16:25:32 [INFO] fetch_prices: [OK] S&P500(^GSPC) = 7584.3101
2026-06-05 16:25:33 [INFO] fetch_prices: [OK] NASDAQ(^IXIC) = 26830.9609
2026-06-05 16:25:34 [INFO] fetch_prices: [OK] ダウ(^DJI) = 51561.9297
2026-06-05 16:25:34 [INFO] fetch_prices: [OK] VIX（恐怖指数）(^VIX) = 15.4
2026-06-05 16:25:35 [INFO] fetch_prices: [OK] VIX9D（超短期）(^VIX9D) = 12.65
2026-06-05 16:25:35 [INFO] fetch_prices: [OK] VIX3M（3ヶ月）(^VIX3M) = 19.23
2026-06-05 16:25:36 [INFO] fetch_prices: [OK] VVIX（VIXのVIX）(^VVIX) = 89.8
2026-06-05 16:25:37 [INFO] fetch_prices: [OK] SKEW（テールリスク）(^SKEW) = 142.15
2026-06-05 16:25:37 [INFO] fetch_prices: [OK] 米10年金利(^TNX) = 4.477
2026-06-05 16:25:38 [INFO] fetch_prices: [OK] ドル円(USDJPY=X) = 159.927
2026-06-05 16:25:38 [INFO] fetch_prices: [OK] ユーロドル(EURUSD=X) = 1.1632
2026-06-05 16:25:39 [INFO] fetch_prices: [OK] 米10年金利(^TNX) = 4.477
2026-06-05 16:25:39 [INFO] fetch_prices: [OK] 金(GOLD)(GC=F) = 4488.3999
2026-06-05 16:25:40 [INFO] fetch_prices: [OK] WTI原油(CL=F) = 92.3
2026-06-05 16:25:40 [INFO] fetch_prices: [OK] Bitcoin(BTC-USD) = 61770.9219
2026-06-05 16:25:41 [INFO] fetch_prices: [OK] NVIDIA(NVDA) = 218.66
2026-06-05 16:25:42 [INFO] fetch_prices: [OK] Apple(AAPL) = 311.23
2026-06-05 16:25:42 [INFO] fetch_prices: [OK] Tesla(TSLA) = 418.45
2026-06-05 16:25:43 [INFO] fetch_prices: [OK] Microsoft(MSFT) = 428.05
2026-06-05 16:25:44 [INFO] fetch_prices: [OK] Amazon(AMZN) = 253.79
2026-06-05 16:25:44 [INFO] fetch_prices: [OK] Meta(META) = 622.98
2026-06-05 16:25:45 [INFO] fetch_prices: [OK] トヨタ(7203.T) = 2850.0
2026-06-05 16:25:46 [INFO] fetch_prices: [OK] ソフトバンクG(9984.T) = 7426.0
2026-06-05 16:25:46 [INFO] fetch_prices: [OK] ソニーG(6758.T) = 3559.0
2026-06-05 16:25:47 [INFO] fetch_prices: [OK] 三菱UFJ(8306.T) = 3219.0
2026-06-05 16:25:47 [INFO] fetch_prices: [OK] アドバンテスト(6857.T) = 26765.0
2026-06-05 16:25:48 [INFO] fetch_prices: [OK] 信越化学(4063.T) = 7350.0
2026-06-05 16:25:49 [INFO] fetch_prices: [OK] CNN Fear & Greed: 54.7 (中立 😐)
2026-06-05 16:25:49 [INFO] fetch_prices: 価格データ保存: C:\Users\中田　洋介\Desktop\tousijouhou\market-ai-secretary\data\raw\2026-06-05_prices.json
2026-06-05 16:25:49 [INFO] fetch_prices: === 取得完了: 成功27件 / 失敗1件 ===
2026-06-05 16:25:49 [INFO] run_daily: --- Step 2: ニュース取得 ---
2026-06-05 16:25:49 [INFO] fetch_news: === ニュース取得開始 ===
2026-06-05 16:25:50 [INFO] fetch_news: [OK] ニュース取得 [日銀]: 5件
2026-06-05 16:25:52 [INFO] fetch_news: [OK] ニュース取得 [FRB 金融政策]: 5件
2026-06-05 16:25:53 [INFO] fetch_news: [OK] ニュース取得 [FedWatch 利上げ 確率]: 5件
2026-06-05 16:25:55 [INFO] fetch_news: [OK] ニュース取得 [site:boj.or.jp]: 5件
2026-06-05 16:25:57 [INFO] fetch_news: [OK] ニュース取得 [site:kantei.go.jp 経済]: 5件
2026-06-05 16:25:59 [INFO] fetch_news: [OK] ニュース取得 [site:mof.go.jp]: 5件
2026-06-05 16:26:01 [INFO] fetch_news: [OK] ニュース取得 [米国株]: 5件
2026-06-05 16:26:02 [INFO] fetch_news: [OK] ニュース取得 [日本株]: 5件
2026-06-05 16:26:04 [INFO] fetch_news: [OK] ニュース取得 [金利]: 5件
2026-06-05 16:26:06 [INFO] fetch_news: [OK] ニュース取得 [地政学リスク]: 5件
2026-06-05 16:26:09 [INFO] fetch_news: [OK] ニュース取得 [為替 ドル円]: 5件
2026-06-05 16:26:11 [INFO] fetch_news: [OK] ニュース取得 [OANDA 為替 レート]: 5件
2026-06-05 16:26:13 [INFO] fetch_news: [OK] ニュース取得 [半導体]: 5件
2026-06-05 16:26:15 [INFO] fetch_news: [OK] ニュース取得 [決算]: 5件
2026-06-05 16:26:16 [INFO] fetch_news: [OK] ニュース取得 [原油]: 5件
2026-06-05 16:26:18 [INFO] fetch_news: [OK] ニュース取得 [site:traders.co.jp]: 5件
2026-06-05 16:26:20 [INFO] fetch_news: [OK] ニュース取得 [site:minkabu.jp 株]: 5件
2026-06-05 16:26:22 [INFO] fetch_news: [OK] ニュース取得 [site:fx.minkabu.jp]: 5件
2026-06-05 16:26:24 [INFO] fetch_news: [OK] ニュース取得 [site:nikkei225jp.com]: 5件
2026-06-05 16:26:25 [INFO] fetch_news: [OK] ニュース取得 [帝国データバンク 倒産]: 5件
2026-06-05 16:26:27 [INFO] fetch_news: [OK] ニュース取得 [site:tdb.co.jp]: 5件
2026-06-05 16:26:28 [INFO] fetch_news: ニュース保存: C:\Users\中田　洋介\Desktop\tousijouhou\market-ai-secretary\data\news\2026-06-05_news.json (105件)
2026-06-05 16:26:28 [INFO] fetch_news: === ニュース取得完了: 105件 ===
2026-06-05 16:26:28 [INFO] run_daily: --- Step 3: 指標計算 ---
2026-06-05 16:26:28 [INFO] indicators: リスク判定: 中立 (スコア=0.98)
2026-06-05 16:26:28 [INFO] run_daily: --- Step 4: 分析 ---
2026-06-05 16:26:28 [INFO] analyze: === 分析開始 ===
2026-06-05 16:26:28 [INFO] analyze: === 分析完了 ===
2026-06-05 16:26:28 [INFO] run_daily: --- Step 5: matplotlibチャート生成 ---
2026-06-05 16:26:29 [INFO] visualize: === チャート生成開始 ===
2026-06-05 16:26:29 [INFO] visualize: 指数チャート保存: C:\Users\中田　洋介\Desktop\tousijouhou\market-ai-secretary\reports\charts\2026-06-05_indices.png
2026-06-05 16:26:30 [INFO] visualize: 銘柄チャート保存: C:\Users\中田　洋介\Desktop\tousijouhou\market-ai-secretary\reports\charts\2026-06-05_stocks.png
2026-06-05 16:26:30 [INFO] visualize: コモディティチャート保存: C:\Users\中田　洋介\Desktop\tousijouhou\market-ai-secretary\reports\charts\2026-06-05_commodities.png
2026-06-05 16:26:30 [INFO] visualize: Fear&Greed保存: C:\Users\中田　洋介\Desktop\tousijouhou\market-ai-secretary\reports\charts\2026-06-05_fear_greed.png
2026-06-05 16:26:30 [INFO] visualize: リスクメーター保存: C:\Users\中田　洋介\Desktop\tousijouhou\market-ai-secretary\reports\charts\2026-06-05_risk_meter.png
2026-06-05 16:26:31 [INFO] visualize: ニュースチャート保存: C:\Users\中田　洋介\Desktop\tousijouhou\market-ai-secretary\reports\charts\2026-06-05_news.png
2026-06-05 16:26:31 [INFO] visualize: === チャート生成完了: 6件 ===
2026-06-05 16:26:31 [INFO] run_daily: --- Step 6: Plotlyチャート生成 ---
2026-06-05 16:26:31 [INFO] visualize_plotly: === Plotly チャート生成開始 ===
2026-06-05 16:26:32 [INFO] visualize_plotly: [OK] indices
2026-06-05 16:26:32 [INFO] visualize_plotly: [OK] stocks
2026-06-05 16:26:32 [INFO] visualize_plotly: [OK] fear_greed
2026-06-05 16:26:32 [INFO] visualize_plotly: [OK] risk_meter
2026-06-05 16:26:32 [INFO] visualize_plotly: [OK] commodities
2026-06-05 16:26:32 [INFO] visualize_plotly: [OK] news
2026-06-05 16:26:32 [INFO] visualize_plotly: === Plotly 完了: 6件 ===
2026-06-05 16:26:32 [INFO] run_daily: --- Step 6b: 追加ニュース・Polymarket取得 ---
2026-06-05 16:26:32 [INFO] fetch_extra_news: === 追加ニュース・Polymarket 取得開始 ===
2026-06-05 16:26:32 [INFO] fetch_extra_news: [OK] NHK 経済: 6件
2026-06-05 16:26:33 [INFO] fetch_extra_news: [OK] NHK トップ: 5件
2026-06-05 16:26:34 [INFO] fetch_extra_news: [OK] Yahoo! ファイナンス: 6件
2026-06-05 16:26:35 [INFO] fetch_extra_news: [OK] 東洋経済: 5件
2026-06-05 16:26:37 [INFO] fetch_extra_news: [OK] MarketWatch: 5件
2026-06-05 16:26:38 [INFO] fetch_extra_news: [OK] FXStreet（FX専門）: 5件
2026-06-05 16:26:39 [INFO] fetch_extra_news: [OK] Investing.com: 5件
2026-06-05 16:26:40 [INFO] fetch_extra_news: [OK] Yahoo Finance: 5件
2026-06-05 16:26:41 [INFO] fetch_extra_news: [OK] 日銀公式: 5件
2026-06-05 16:26:43 [INFO] fetch_extra_news: [OK] 首相官邸: 4件
2026-06-05 16:26:44 [INFO] fetch_extra_news: [OK] 財務省: 4件
2026-06-05 16:26:45 [INFO] fetch_extra_news: [OK] トレーダーズウェブ: 5件
2026-06-05 16:26:47 [INFO] fetch_extra_news: [OK] トレーダーズウェブFX: 4件
2026-06-05 16:26:48 [INFO] fetch_extra_news: [OK] みんかぶ: 5件
2026-06-05 16:26:50 [INFO] fetch_extra_news: [OK] みんかぶFX: 4件
2026-06-05 16:26:51 [INFO] fetch_extra_news: [OK] 日経225専門: 4件
2026-06-05 16:26:52 [INFO] fetch_extra_news: [OK] OANDA為替: 4件
2026-06-05 16:26:54 [INFO] fetch_extra_news: [OK] 帝国データバンク: 4件
2026-06-05 16:26:55 [INFO] fetch_extra_news: [OK] FedWatch利上げ確率: 4件
2026-06-05 16:26:57 [INFO] fetch_extra_news: [OK] PayPay証券: 3件
2026-06-05 16:26:59 [INFO] fetch_extra_news: [OK] Polymarket: 3件（金融・経済関連）
2026-06-05 16:26:59 [INFO] fetch_extra_news: 追加ニュース保存: 92件 / Polymarket: 3件
2026-06-05 16:26:59 [INFO] fetch_extra_news: === 完了: ニュース92件 / Polymarket3件 ===
2026-06-05 16:26:59 [INFO] run_daily: --- Step 7: Ollama AI要約（カテゴリ別） ---
2026-06-05 16:27:03 [INFO] ai_summary: Ollama AI要約開始: モデル=gemma3:4b
2026-06-05 16:27:03 [INFO] ai_summary: AI要約生成中: 🏦 日銀・日本政府（22件）
2026-06-05 16:27:10 [INFO] ai_summary: AI要約生成中: 🇺🇸 FRB・米国金融政策（12件）
2026-06-05 16:27:16 [INFO] ai_summary: AI要約生成中: 📈 米国株市場（25件）
2026-06-05 16:27:22 [INFO] ai_summary: AI要約生成中: 🗾 日本株市場（20件）
2026-06-05 16:27:27 [INFO] ai_summary: AI要約生成中: 💱 為替・FX（22件）
2026-06-05 16:27:33 [INFO] ai_summary: AI要約生成中: 🌍 地政学リスク（4件）
2026-06-05 16:27:45 [INFO] ai_summary: 市場全体コメント生成完了
2026-06-05 16:27:45 [INFO] ai_summary: AI要約完了: 6カテゴリ
2026-06-05 16:27:45 [INFO] run_daily: AI要約保存: C:\Users\中田　洋介\Desktop\tousijouhou\market-ai-secretary\data\raw\2026-06-05_ai_morning.json
2026-06-05 16:27:45 [INFO] run_daily: --- Step 8: レポート生成 ---
2026-06-05 16:27:45 [INFO] report_writer: レポート保存: C:\Users\中田　洋介\Desktop\tousijouhou\market-ai-secretary\reports\2026-06-05_morning.html
2026-06-05 16:27:45 [INFO] run_daily: HTML: C:\Users\中田　洋介\Desktop\tousijouhou\market-ai-secretary\reports\2026-06-05_morning.html
2026-06-05 16:27:45 [INFO] run_daily: --- Step 9: Telegram通知 ---
2026-06-05 16:27:45 [INFO] notify_telegram: Telegram 設定なし。通知をスキップします。レポートはローカルに保存済みです。
2026-06-05 16:27:45 [INFO] run_daily: ====== 完了 [mode=morning] ======
2026-06-05 17:06:45 [INFO] run_daily: ====== Market AI Secretary 開始 [mode=morning] ======
2026-06-05 17:06:45 [INFO] run_daily: 実行時刻(JST): 2026-06-05 17:06:45
2026-06-05 17:06:45 [INFO] run_daily: --- Step 1: 価格データ取得 ---
2026-06-05 17:06:47 [INFO] fetch_prices: === 価格データ取得開始 ===
2026-06-05 17:06:48 [INFO] fetch_prices: [OK] 日経平均(^N225) = 66588.1172
2026-06-05 17:06:49 [ERROR] fetch_prices: [FAIL] TOPIX(^TOPX): 全ソースで取得失敗
2026-06-05 17:06:49 [INFO] fetch_prices: [OK] S&P500(^GSPC) = 7584.3101
2026-06-05 17:06:50 [INFO] fetch_prices: [OK] NASDAQ(^IXIC) = 26830.9609
2026-06-05 17:06:50 [INFO] fetch_prices: [OK] ダウ(^DJI) = 51561.9297
2026-06-05 17:06:51 [INFO] fetch_prices: [OK] VIX（恐怖指数）(^VIX) = 15.75
2026-06-05 17:06:52 [INFO] fetch_prices: [OK] VIX9D（超短期）(^VIX9D) = 12.65
2026-06-05 17:06:52 [INFO] fetch_prices: [OK] VIX3M（3ヶ月）(^VIX3M) = 19.23
2026-06-05 17:06:53 [INFO] fetch_prices: [OK] VVIX（VIXのVIX）(^VVIX) = 89.8
2026-06-05 17:06:53 [INFO] fetch_prices: [OK] SKEW（テールリスク）(^SKEW) = 142.15
2026-06-05 17:06:54 [INFO] fetch_prices: [OK] 米10年金利(^TNX) = 4.477
2026-06-05 17:06:54 [INFO] fetch_prices: [OK] ドル円(USDJPY=X) = 159.934
2026-06-05 17:06:55 [INFO] fetch_prices: [OK] ユーロドル(EURUSD=X) = 1.1641
2026-06-05 17:06:55 [INFO] fetch_prices: [OK] 米10年金利(^TNX) = 4.477
2026-06-05 17:06:56 [INFO] fetch_prices: [OK] 金(GOLD)(GC=F) = 4489.5
2026-06-05 17:06:56 [INFO] fetch_prices: [OK] WTI原油(CL=F) = 92.44
2026-06-05 17:06:57 [INFO] fetch_prices: [OK] Bitcoin(BTC-USD) = 62872.1094
2026-06-05 17:06:57 [INFO] fetch_prices: [OK] NVIDIA(NVDA) = 218.66
2026-06-05 17:06:58 [INFO] fetch_prices: [OK] Apple(AAPL) = 311.23
2026-06-05 17:06:59 [INFO] fetch_prices: [OK] Tesla(TSLA) = 418.45
2026-06-05 17:06:59 [INFO] fetch_prices: [OK] Microsoft(MSFT) = 428.05
2026-06-05 17:07:00 [INFO] fetch_prices: [OK] Amazon(AMZN) = 253.79
2026-06-05 17:07:00 [INFO] fetch_prices: [OK] Meta(META) = 622.98
2026-06-05 17:07:01 [INFO] fetch_prices: [OK] トヨタ(7203.T) = 2850.0
2026-06-05 17:07:01 [INFO] fetch_prices: [OK] ソフトバンクG(9984.T) = 7426.0
2026-06-05 17:07:02 [INFO] fetch_prices: [OK] ソニーG(6758.T) = 3559.0
2026-06-05 17:07:02 [INFO] fetch_prices: [OK] 三菱UFJ(8306.T) = 3219.0
2026-06-05 17:07:03 [INFO] fetch_prices: [OK] アドバンテスト(6857.T) = 26765.0
2026-06-05 17:07:04 [INFO] fetch_prices: [OK] 信越化学(4063.T) = 7350.0
2026-06-05 17:07:05 [INFO] fetch_prices: [OK] CNN Fear & Greed: 54.7 (中立 😐)
2026-06-05 17:07:05 [INFO] fetch_prices: 価格データ保存: C:\Users\中田　洋介\Desktop\tousijouhou\market-ai-secretary\data\raw\2026-06-05_prices.json
2026-06-05 17:07:05 [INFO] fetch_prices: === 取得完了: 成功27件 / 失敗1件 ===
2026-06-05 17:07:05 [INFO] run_daily: --- Step 2: ニュース取得 ---
2026-06-05 17:07:05 [INFO] fetch_news: === ニュース取得開始 ===
2026-06-05 17:07:06 [INFO] fetch_news: [OK] ニュース取得 [日銀]: 5件
2026-06-05 17:07:07 [INFO] fetch_news: [OK] ニュース取得 [FRB 金融政策]: 5件
2026-06-05 17:07:09 [INFO] fetch_news: [OK] ニュース取得 [FedWatch 利上げ 確率]: 5件
2026-06-05 17:07:11 [INFO] fetch_news: [OK] ニュース取得 [site:boj.or.jp]: 5件
2026-06-05 17:07:13 [INFO] fetch_news: [OK] ニュース取得 [site:kantei.go.jp 経済]: 5件
2026-06-05 17:07:14 [INFO] fetch_news: [OK] ニュース取得 [site:mof.go.jp]: 5件
2026-06-05 17:07:16 [INFO] fetch_news: [OK] ニュース取得 [米国株]: 5件
2026-06-05 17:07:18 [INFO] fetch_news: [OK] ニュース取得 [日本株]: 5件
2026-06-05 17:07:20 [INFO] fetch_news: [OK] ニュース取得 [金利]: 5件
2026-06-05 17:07:22 [INFO] fetch_news: [OK] ニュース取得 [地政学リスク]: 5件
2026-06-05 17:07:24 [INFO] fetch_news: [OK] ニュース取得 [為替 ドル円]: 5件
2026-06-05 17:07:26 [INFO] fetch_news: [OK] ニュース取得 [OANDA 為替 レート]: 5件
2026-06-05 17:07:28 [INFO] fetch_news: [OK] ニュース取得 [半導体]: 5件
2026-06-05 17:07:30 [INFO] fetch_news: [OK] ニュース取得 [決算]: 5件
2026-06-05 17:07:32 [INFO] fetch_news: [OK] ニュース取得 [原油]: 5件
2026-06-05 17:07:34 [INFO] fetch_news: [OK] ニュース取得 [site:traders.co.jp]: 5件
2026-06-05 17:07:36 [INFO] fetch_news: [OK] ニュース取得 [site:minkabu.jp 株]: 5件
2026-06-05 17:07:38 [INFO] fetch_news: [OK] ニュース取得 [site:fx.minkabu.jp]: 5件
2026-06-05 17:07:39 [INFO] fetch_news: [OK] ニュース取得 [site:nikkei225jp.com]: 5件
2026-06-05 17:07:41 [INFO] fetch_news: [OK] ニュース取得 [帝国データバンク 倒産]: 5件
2026-06-05 17:07:43 [INFO] fetch_news: [OK] ニュース取得 [site:tdb.co.jp]: 5件
2026-06-05 17:07:44 [INFO] fetch_news: ニュース保存: C:\Users\中田　洋介\Desktop\tousijouhou\market-ai-secretary\data\news\2026-06-05_news.json (105件)
2026-06-05 17:07:44 [INFO] fetch_news: === ニュース取得完了: 105件 ===
2026-06-05 17:07:44 [INFO] run_daily: --- Step 3: 指標計算 ---
2026-06-05 17:07:44 [INFO] indicators: リスク判定: 弱気 (リスクオフ) (スコア=-2.22)
2026-06-05 17:07:44 [INFO] run_daily: --- Step 4: 分析 ---
2026-06-05 17:07:44 [INFO] analyze: === 分析開始 ===
2026-06-05 17:07:44 [INFO] analyze: === 分析完了 ===
2026-06-05 17:07:44 [INFO] run_daily: --- Step 5: matplotlibチャート生成 ---
2026-06-05 17:07:45 [INFO] visualize: === チャート生成開始 ===
2026-06-05 17:07:45 [INFO] visualize: 指数チャート保存: C:\Users\中田　洋介\Desktop\tousijouhou\market-ai-secretary\reports\charts\2026-06-05_indices.png
2026-06-05 17:07:46 [INFO] visualize: 銘柄チャート保存: C:\Users\中田　洋介\Desktop\tousijouhou\market-ai-secretary\reports\charts\2026-06-05_stocks.png
2026-06-05 17:07:46 [INFO] visualize: コモディティチャート保存: C:\Users\中田　洋介\Desktop\tousijouhou\market-ai-secretary\reports\charts\2026-06-05_commodities.png
2026-06-05 17:07:46 [INFO] visualize: Fear&Greed保存: C:\Users\中田　洋介\Desktop\tousijouhou\market-ai-secretary\reports\charts\2026-06-05_fear_greed.png
2026-06-05 17:07:47 [INFO] visualize: リスクメーター保存: C:\Users\中田　洋介\Desktop\tousijouhou\market-ai-secretary\reports\charts\2026-06-05_risk_meter.png
2026-06-05 17:07:47 [INFO] visualize: ニュースチャート保存: C:\Users\中田　洋介\Desktop\tousijouhou\market-ai-secretary\reports\charts\2026-06-05_news.png
2026-06-05 17:07:47 [INFO] visualize: === チャート生成完了: 6件 ===
2026-06-05 17:07:47 [INFO] run_daily: --- Step 6: Plotlyチャート生成 ---
2026-06-05 17:07:47 [INFO] visualize_plotly: === Plotly チャート生成開始 ===
2026-06-05 17:07:48 [INFO] visualize_plotly: [OK] indices
2026-06-05 17:07:48 [INFO] visualize_plotly: [OK] stocks
2026-06-05 17:07:48 [INFO] visualize_plotly: [OK] fear_greed
2026-06-05 17:07:48 [INFO] visualize_plotly: [OK] risk_meter
2026-06-05 17:07:48 [INFO] visualize_plotly: [OK] commodities
2026-06-05 17:07:48 [INFO] visualize_plotly: [OK] news
2026-06-05 17:07:48 [INFO] visualize_plotly: === Plotly 完了: 6件 ===
2026-06-05 17:07:48 [INFO] run_daily: --- Step 6b: 追加ニュース・Polymarket取得 ---
2026-06-05 17:07:48 [INFO] fetch_extra_news: === 追加ニュース・Polymarket 取得開始 ===
2026-06-05 17:07:50 [INFO] fetch_extra_news: [OK] NHK 経済: 6件
2026-06-05 17:07:51 [INFO] fetch_extra_news: [OK] NHK トップ: 5件
2026-06-05 17:07:52 [INFO] fetch_extra_news: [OK] Yahoo! ファイナンス: 6件
2026-06-05 17:07:53 [INFO] fetch_extra_news: [OK] 東洋経済: 5件
2026-06-05 17:07:57 [INFO] fetch_extra_news: [OK] MarketWatch: 5件
2026-06-05 17:07:58 [INFO] fetch_extra_news: [OK] FXStreet（FX専門）: 5件
2026-06-05 17:07:59 [INFO] fetch_extra_news: [OK] Investing.com: 5件
2026-06-05 17:08:00 [INFO] fetch_extra_news: [OK] Yahoo Finance: 5件
2026-06-05 17:08:02 [INFO] fetch_extra_news: [OK] 日銀公式: 5件
2026-06-05 17:08:04 [INFO] fetch_extra_news: [OK] 首相官邸: 4件
2026-06-05 17:08:06 [INFO] fetch_extra_news: [OK] 財務省: 4件
2026-06-05 17:08:08 [INFO] fetch_extra_news: [OK] トレーダーズウェブ: 5件
2026-06-05 17:08:10 [INFO] fetch_extra_news: [OK] トレーダーズウェブFX: 4件
2026-06-05 17:08:11 [INFO] fetch_extra_news: [OK] みんかぶ: 5件
2026-06-05 17:08:13 [INFO] fetch_extra_news: [OK] みんかぶFX: 4件
2026-06-05 17:08:15 [INFO] fetch_extra_news: [OK] 日経225専門: 4件
2026-06-05 17:08:17 [INFO] fetch_extra_news: [OK] OANDA為替: 4件
2026-06-05 17:08:18 [INFO] fetch_extra_news: [OK] 帝国データバンク: 4件
2026-06-05 17:08:20 [INFO] fetch_extra_news: [OK] FedWatch利上げ確率: 4件
2026-06-05 17:08:22 [INFO] fetch_extra_news: [OK] PayPay証券: 3件
2026-06-05 17:08:24 [INFO] fetch_extra_news: [OK] Polymarket: 3件（金融・経済関連）
2026-06-05 17:08:24 [INFO] fetch_extra_news: 追加ニュース保存: 92件 / Polymarket: 3件
2026-06-05 17:08:24 [INFO] fetch_extra_news: === 完了: ニュース92件 / Polymarket3件 ===
2026-06-05 17:08:24 [INFO] run_daily: --- Step 7: Ollama AI要約（カテゴリ別） ---
2026-06-05 17:08:28 [INFO] ai_summary: Ollama AI要約開始: モデル=qwen2.5:3b
2026-06-05 17:08:28 [INFO] ai_summary: AI要約生成中: 🏦 日銀・日本政府（24件）
2026-06-05 17:08:32 [INFO] ai_summary: AI要約生成中: 🇺🇸 FRB・米国金融政策（14件）
2026-06-05 17:08:35 [INFO] ai_summary: AI要約生成中: 📈 米国株市場（24件）
2026-06-05 17:08:38 [INFO] ai_summary: AI要約生成中: 🗾 日本株市場（17件）
2026-06-05 17:08:41 [INFO] ai_summary: AI要約生成中: 💱 為替・FX（20件）
2026-06-05 17:08:44 [INFO] ai_summary: AI要約生成中: 🌍 地政学リスク（4件）
2026-06-05 17:08:51 [INFO] ai_summary: 市場全体コメント生成完了
2026-06-05 17:08:51 [INFO] ai_summary: AI要約完了: 6カテゴリ
2026-06-05 17:08:51 [INFO] run_daily: AI要約保存: C:\Users\中田　洋介\Desktop\tousijouhou\market-ai-secretary\data\raw\2026-06-05_ai_morning.json
2026-06-05 17:08:51 [INFO] run_daily: --- Step 8: レポート生成 ---
2026-06-05 17:08:51 [INFO] report_writer: レポート保存: C:\Users\中田　洋介\Desktop\tousijouhou\market-ai-secretary\reports\2026-06-05_morning.html
2026-06-05 17:08:51 [INFO] run_daily: HTML: C:\Users\中田　洋介\Desktop\tousijouhou\market-ai-secretary\reports\2026-06-05_morning.html
2026-06-05 17:08:51 [INFO] run_daily: --- Step 9: Telegram通知 ---
2026-06-05 17:08:51 [INFO] notify_telegram: Telegram 設定なし。通知をスキップします。レポートはローカルに保存済みです。
2026-06-05 17:08:51 [INFO] run_daily: ====== 完了 [mode=morning] ======
2026-06-05 17:11:36 [INFO] run_daily: ====== Market AI Secretary 開始 [mode=morning] ======
2026-06-05 17:11:36 [INFO] run_daily: 実行時刻(JST): 2026-06-05 17:11:36
2026-06-05 17:11:36 [INFO] run_daily: --- Step 1: 価格データ取得 ---
2026-06-05 17:11:38 [INFO] fetch_prices: === 価格データ取得開始 ===
2026-06-05 17:11:39 [INFO] fetch_prices: [OK] 日経平均(^N225) = 66588.1172
2026-06-05 17:11:40 [ERROR] fetch_prices: [FAIL] TOPIX(^TOPX): 全ソースで取得失敗
2026-06-05 17:11:40 [INFO] fetch_prices: [OK] S&P500(^GSPC) = 7584.3101
2026-06-05 17:11:41 [INFO] fetch_prices: [OK] NASDAQ(^IXIC) = 26830.9609
2026-06-05 17:11:41 [INFO] fetch_prices: [OK] ダウ(^DJI) = 51561.9297
2026-06-05 17:11:42 [INFO] fetch_prices: [OK] VIX（恐怖指数）(^VIX) = 15.74
2026-06-05 17:11:42 [INFO] fetch_prices: [OK] VIX9D（超短期）(^VIX9D) = 12.65
2026-06-05 17:11:43 [INFO] fetch_prices: [OK] VIX3M（3ヶ月）(^VIX3M) = 19.23
2026-06-05 17:11:44 [INFO] fetch_prices: [OK] VVIX（VIXのVIX）(^VVIX) = 89.8
2026-06-05 17:11:44 [INFO] fetch_prices: [OK] SKEW（テールリスク）(^SKEW) = 142.15
2026-06-05 17:11:45 [INFO] fetch_prices: [OK] 米10年金利(^TNX) = 4.477
2026-06-05 17:11:45 [INFO] fetch_prices: [OK] ドル円(USDJPY=X) = 159.926
2026-06-05 17:11:46 [INFO] fetch_prices: [OK] ユーロドル(EURUSD=X) = 1.1641
2026-06-05 17:11:46 [INFO] fetch_prices: [OK] 米10年金利(^TNX) = 4.477
2026-06-05 17:11:47 [INFO] fetch_prices: [OK] 金(GOLD)(GC=F) = 4488.2002
2026-06-05 17:11:47 [INFO] fetch_prices: [OK] WTI原油(CL=F) = 92.87
2026-06-05 17:11:48 [INFO] fetch_prices: [OK] Bitcoin(BTC-USD) = 62679.1289
2026-06-05 17:11:49 [INFO] fetch_prices: [OK] NVIDIA(NVDA) = 218.66
2026-06-05 17:11:49 [INFO] fetch_prices: [OK] Apple(AAPL) = 311.23
2026-06-05 17:11:50 [INFO] fetch_prices: [OK] Tesla(TSLA) = 418.45
2026-06-05 17:11:50 [INFO] fetch_prices: [OK] Microsoft(MSFT) = 428.05
2026-06-05 17:11:51 [INFO] fetch_prices: [OK] Amazon(AMZN) = 253.79
2026-06-05 17:11:51 [INFO] fetch_prices: [OK] Meta(META) = 622.98
2026-06-05 17:11:52 [INFO] fetch_prices: [OK] トヨタ(7203.T) = 2850.0
2026-06-05 17:11:53 [INFO] fetch_prices: [OK] ソフトバンクG(9984.T) = 7426.0
2026-06-05 17:11:53 [INFO] fetch_prices: [OK] ソニーG(6758.T) = 3559.0
2026-06-05 17:11:54 [INFO] fetch_prices: [OK] 三菱UFJ(8306.T) = 3219.0
2026-06-05 17:11:55 [INFO] fetch_prices: [OK] アドバンテスト(6857.T) = 26765.0
2026-06-05 17:11:55 [INFO] fetch_prices: [OK] 信越化学(4063.T) = 7350.0
2026-06-05 17:11:56 [INFO] fetch_prices: [OK] CNN Fear & Greed: 55.0 (中立 😐)
2026-06-05 17:11:56 [INFO] fetch_prices: 価格データ保存: C:\Users\中田　洋介\Desktop\tousijouhou\market-ai-secretary\data\raw\2026-06-05_prices.json
2026-06-05 17:11:56 [INFO] fetch_prices: === 取得完了: 成功27件 / 失敗1件 ===
2026-06-05 17:11:56 [INFO] run_daily: --- Step 2: ニュース取得 ---
2026-06-05 17:11:56 [INFO] fetch_news: === ニュース取得開始 ===
2026-06-05 17:11:57 [INFO] fetch_news: [OK] ニュース取得 [日銀]: 5件
2026-06-05 17:11:59 [INFO] fetch_news: [OK] ニュース取得 [FRB 金融政策]: 5件
2026-06-05 17:12:00 [INFO] fetch_news: [OK] ニュース取得 [FedWatch 利上げ 確率]: 5件
2026-06-05 17:12:02 [INFO] fetch_news: [OK] ニュース取得 [site:boj.or.jp]: 5件
2026-06-05 17:12:04 [INFO] fetch_news: [OK] ニュース取得 [site:kantei.go.jp 経済]: 5件
2026-06-05 17:12:06 [INFO] fetch_news: [OK] ニュース取得 [site:mof.go.jp]: 5件
2026-06-05 17:12:08 [INFO] fetch_news: [OK] ニュース取得 [米国株]: 5件
2026-06-05 17:12:10 [INFO] fetch_news: [OK] ニュース取得 [日本株]: 5件
2026-06-05 17:12:11 [INFO] fetch_news: [OK] ニュース取得 [金利]: 5件
2026-06-05 17:12:13 [INFO] fetch_news: [OK] ニュース取得 [地政学リスク]: 5件
2026-06-05 17:12:15 [INFO] fetch_news: [OK] ニュース取得 [為替 ドル円]: 5件
2026-06-05 17:12:16 [INFO] fetch_news: [OK] ニュース取得 [OANDA 為替 レート]: 5件
2026-06-05 17:12:18 [INFO] fetch_news: [OK] ニュース取得 [半導体]: 5件
2026-06-05 17:12:19 [INFO] fetch_news: [OK] ニュース取得 [決算]: 5件
2026-06-05 17:12:21 [INFO] fetch_news: [OK] ニュース取得 [原油]: 5件
2026-06-05 17:12:23 [INFO] fetch_news: [OK] ニュース取得 [site:traders.co.jp]: 5件
2026-06-05 17:12:25 [INFO] fetch_news: [OK] ニュース取得 [site:minkabu.jp 株]: 5件
2026-06-05 17:12:27 [INFO] fetch_news: [OK] ニュース取得 [site:fx.minkabu.jp]: 5件
2026-06-05 17:12:29 [INFO] fetch_news: [OK] ニュース取得 [site:nikkei225jp.com]: 5件
2026-06-05 17:12:31 [INFO] fetch_news: [OK] ニュース取得 [帝国データバンク 倒産]: 5件
2026-06-05 17:12:33 [INFO] fetch_news: [OK] ニュース取得 [site:tdb.co.jp]: 5件
2026-06-05 17:12:34 [INFO] fetch_news: ニュース保存: C:\Users\中田　洋介\Desktop\tousijouhou\market-ai-secretary\data\news\2026-06-05_news.json (105件)
2026-06-05 17:12:34 [INFO] fetch_news: === ニュース取得完了: 105件 ===
2026-06-05 17:12:34 [INFO] run_daily: --- Step 3: 指標計算 ---
2026-06-05 17:12:34 [INFO] indicators: リスク判定: 弱気 (リスクオフ) (スコア=-2.18)
2026-06-05 17:12:34 [INFO] run_daily: --- Step 4: 分析 ---
2026-06-05 17:12:34 [INFO] analyze: === 分析開始 ===
2026-06-05 17:12:34 [INFO] analyze: === 分析完了 ===
2026-06-05 17:12:34 [INFO] run_daily: --- Step 5: matplotlibチャート生成 ---
2026-06-05 17:12:35 [INFO] visualize: === チャート生成開始 ===
2026-06-05 17:12:36 [INFO] visualize: 指数チャート保存: C:\Users\中田　洋介\Desktop\tousijouhou\market-ai-secretary\reports\charts\2026-06-05_indices.png
2026-06-05 17:12:36 [INFO] visualize: 銘柄チャート保存: C:\Users\中田　洋介\Desktop\tousijouhou\market-ai-secretary\reports\charts\2026-06-05_stocks.png
2026-06-05 17:12:36 [INFO] visualize: コモディティチャート保存: C:\Users\中田　洋介\Desktop\tousijouhou\market-ai-secretary\reports\charts\2026-06-05_commodities.png
2026-06-05 17:12:36 [INFO] visualize: Fear&Greed保存: C:\Users\中田　洋介\Desktop\tousijouhou\market-ai-secretary\reports\charts\2026-06-05_fear_greed.png
2026-06-05 17:12:37 [INFO] visualize: リスクメーター保存: C:\Users\中田　洋介\Desktop\tousijouhou\market-ai-secretary\reports\charts\2026-06-05_risk_meter.png
2026-06-05 17:12:37 [INFO] visualize: ニュースチャート保存: C:\Users\中田　洋介\Desktop\tousijouhou\market-ai-secretary\reports\charts\2026-06-05_news.png
2026-06-05 17:12:37 [INFO] visualize: === チャート生成完了: 6件 ===
2026-06-05 17:12:37 [INFO] run_daily: --- Step 6: Plotlyチャート生成 ---
2026-06-05 17:12:37 [INFO] visualize_plotly: === Plotly チャート生成開始 ===
2026-06-05 17:12:38 [INFO] visualize_plotly: [OK] indices
2026-06-05 17:12:38 [INFO] visualize_plotly: [OK] stocks
2026-06-05 17:12:38 [INFO] visualize_plotly: [OK] fear_greed
2026-06-05 17:12:38 [INFO] visualize_plotly: [OK] risk_meter
2026-06-05 17:12:38 [INFO] visualize_plotly: [OK] commodities
2026-06-05 17:12:38 [INFO] visualize_plotly: [OK] news
2026-06-05 17:12:38 [INFO] visualize_plotly: === Plotly 完了: 6件 ===
2026-06-05 17:12:38 [INFO] run_daily: --- Step 6b: 追加ニュース・Polymarket取得 ---
2026-06-05 17:12:38 [INFO] fetch_extra_news: === 追加ニュース・Polymarket 取得開始 ===
2026-06-05 17:12:38 [INFO] fetch_extra_news: [OK] NHK 経済: 6件
2026-06-05 17:12:39 [INFO] fetch_extra_news: [OK] NHK トップ: 5件
2026-06-05 17:12:40 [INFO] fetch_extra_news: [OK] Yahoo! ファイナンス: 6件
2026-06-05 17:12:41 [INFO] fetch_extra_news: [OK] 東洋経済: 5件
2026-06-05 17:12:43 [INFO] fetch_extra_news: [OK] MarketWatch: 5件
2026-06-05 17:12:44 [INFO] fetch_extra_news: [OK] FXStreet（FX専門）: 5件
2026-06-05 17:12:45 [INFO] fetch_extra_news: [OK] Investing.com: 5件
2026-06-05 17:12:46 [INFO] fetch_extra_news: [OK] Yahoo Finance: 5件
2026-06-05 17:12:47 [INFO] fetch_extra_news: [OK] 日銀公式: 5件
2026-06-05 17:12:49 [INFO] fetch_extra_news: [OK] 首相官邸: 4件
2026-06-05 17:12:50 [INFO] fetch_extra_news: [OK] 財務省: 4件
2026-06-05 17:12:51 [INFO] fetch_extra_news: [OK] トレーダーズウェブ: 5件
2026-06-05 17:12:53 [INFO] fetch_extra_news: [OK] トレーダーズウェブFX: 4件
2026-06-05 17:12:54 [INFO] fetch_extra_news: [OK] みんかぶ: 5件
2026-06-05 17:12:55 [INFO] fetch_extra_news: [OK] みんかぶFX: 4件
2026-06-05 17:12:57 [INFO] fetch_extra_news: [OK] 日経225専門: 4件
2026-06-05 17:12:58 [INFO] fetch_extra_news: [OK] OANDA為替: 4件
2026-06-05 17:13:00 [INFO] fetch_extra_news: [OK] 帝国データバンク: 4件
2026-06-05 17:13:01 [INFO] fetch_extra_news: [OK] FedWatch利上げ確率: 4件
2026-06-05 17:13:03 [INFO] fetch_extra_news: [OK] PayPay証券: 3件
2026-06-05 17:13:05 [INFO] fetch_extra_news: [OK] Polymarket: 3件（金融・経済関連）
2026-06-05 17:13:05 [INFO] fetch_extra_news: 追加ニュース保存: 92件 / Polymarket: 3件
2026-06-05 17:13:05 [INFO] fetch_extra_news: === 完了: ニュース92件 / Polymarket3件 ===
2026-06-05 17:13:05 [INFO] run_daily: --- Step 7: Ollama AI要約（カテゴリ別） ---
2026-06-05 17:13:09 [INFO] ai_summary: Ollama AI要約開始: モデル=qwen2.5:3b
2026-06-05 17:13:09 [INFO] ai_summary: AI要約生成中: 🏦 日銀・日本政府（25件）
2026-06-05 17:13:12 [INFO] ai_summary: AI要約生成中: 🇺🇸 FRB・米国金融政策（14件）
2026-06-05 17:13:16 [INFO] ai_summary: AI要約生成中: 📈 米国株市場（22件）
2026-06-05 17:13:19 [INFO] ai_summary: AI要約生成中: 🗾 日本株市場（22件）
2026-06-05 17:13:22 [INFO] ai_summary: AI要約生成中: 💱 為替・FX（21件）
2026-06-05 17:13:26 [INFO] ai_summary: AI要約生成中: 🌍 地政学リスク（3件）
2026-06-05 17:13:33 [INFO] ai_summary: 市場全体コメント生成完了
2026-06-05 17:13:33 [INFO] ai_summary: AI要約完了: 6カテゴリ
2026-06-05 17:13:33 [INFO] run_daily: AI要約保存: C:\Users\中田　洋介\Desktop\tousijouhou\market-ai-secretary\data\raw\2026-06-05_ai_morning.json
2026-06-05 17:13:33 [INFO] run_daily: --- Step 8: レポート生成 ---
2026-06-05 17:13:33 [INFO] report_writer: レポート保存: C:\Users\中田　洋介\Desktop\tousijouhou\market-ai-secretary\reports\2026-06-05_morning.html
2026-06-05 17:13:33 [INFO] run_daily: HTML: C:\Users\中田　洋介\Desktop\tousijouhou\market-ai-secretary\reports\2026-06-05_morning.html
2026-06-05 17:13:33 [INFO] run_daily: --- Step 9: Telegram通知 ---
2026-06-05 17:13:33 [INFO] notify_telegram: Telegram 設定なし。通知をスキップします。レポートはローカルに保存済みです。
2026-06-05 17:13:33 [INFO] run_daily: ====== 完了 [mode=morning] ======
2026-06-05 17:26:51 [INFO] run_daily: ====== Market AI Secretary 開始 [mode=morning] ======
2026-06-05 17:26:51 [INFO] run_daily: 実行時刻(JST): 2026-06-05 17:26:51
2026-06-05 17:26:51 [INFO] run_daily: --- Step 1: 価格データ取得 ---
2026-06-05 17:26:53 [INFO] fetch_prices: === 価格データ取得開始 ===
2026-06-05 17:26:54 [INFO] fetch_prices: [OK] 日経平均(^N225) = 66588.1172
2026-06-05 17:26:55 [ERROR] fetch_prices: [FAIL] TOPIX(^TOPX): 全ソースで取得失敗
2026-06-05 17:26:55 [INFO] fetch_prices: [OK] S&P500(^GSPC) = 7584.3101
2026-06-05 17:26:56 [INFO] fetch_prices: [OK] NASDAQ(^IXIC) = 26830.9609
2026-06-05 17:26:56 [INFO] fetch_prices: [OK] ダウ(^DJI) = 51561.9297
2026-06-05 17:26:57 [INFO] fetch_prices: [OK] VIX（恐怖指数）(^VIX) = 15.74
2026-06-05 17:26:57 [INFO] fetch_prices: [OK] VIX9D（超短期）(^VIX9D) = 12.65
2026-06-05 17:26:58 [INFO] fetch_prices: [OK] VIX3M（3ヶ月）(^VIX3M) = 19.23
2026-06-05 17:26:58 [INFO] fetch_prices: [OK] VVIX（VIXのVIX）(^VVIX) = 89.8
2026-06-05 17:26:59 [INFO] fetch_prices: [OK] SKEW（テールリスク）(^SKEW) = 142.15
2026-06-05 17:26:59 [INFO] fetch_prices: [OK] 米10年金利(^TNX) = 4.477
2026-06-05 17:27:00 [INFO] fetch_prices: [OK] ドル円(USDJPY=X) = 159.928
2026-06-05 17:27:00 [INFO] fetch_prices: [OK] ユーロドル(EURUSD=X) = 1.1641
2026-06-05 17:27:01 [INFO] fetch_prices: [OK] 米10年金利(^TNX) = 4.477
2026-06-05 17:27:01 [INFO] fetch_prices: [OK] 金(GOLD)(GC=F) = 4487.5
2026-06-05 17:27:02 [INFO] fetch_prices: [OK] WTI原油(CL=F) = 92.64
2026-06-05 17:27:02 [INFO] fetch_prices: [OK] Bitcoin(BTC-USD) = 62645.3789
2026-06-05 17:27:03 [INFO] fetch_prices: [OK] NVIDIA(NVDA) = 218.66
2026-06-05 17:27:03 [INFO] fetch_prices: [OK] Apple(AAPL) = 311.23
2026-06-05 17:27:04 [INFO] fetch_prices: [OK] Tesla(TSLA) = 418.45
2026-06-05 17:27:05 [INFO] fetch_prices: [OK] Microsoft(MSFT) = 428.05
2026-06-05 17:27:05 [INFO] fetch_prices: [OK] Amazon(AMZN) = 253.79
2026-06-05 17:27:06 [INFO] fetch_prices: [OK] Meta(META) = 622.98
2026-06-05 17:27:06 [INFO] fetch_prices: [OK] トヨタ(7203.T) = 2850.0
2026-06-05 17:27:07 [INFO] fetch_prices: [OK] ソフトバンクG(9984.T) = 7426.0
2026-06-05 17:27:07 [INFO] fetch_prices: [OK] ソニーG(6758.T) = 3559.0
2026-06-05 17:27:08 [INFO] fetch_prices: [OK] 三菱UFJ(8306.T) = 3219.0
2026-06-05 17:27:08 [INFO] fetch_prices: [OK] アドバンテスト(6857.T) = 26765.0
2026-06-05 17:27:09 [INFO] fetch_prices: [OK] 信越化学(4063.T) = 7350.0
2026-06-05 17:27:10 [INFO] fetch_prices: [OK] CNN Fear & Greed: 55.0 (中立 😐)
2026-06-05 17:27:10 [INFO] fetch_prices: 価格データ保存: C:\Users\中田　洋介\Desktop\tousijouhou\market-ai-secretary\data\raw\2026-06-05_prices.json
2026-06-05 17:27:10 [INFO] fetch_prices: === 取得完了: 成功27件 / 失敗1件 ===
2026-06-05 17:27:10 [INFO] run_daily: --- Step 2: ニュース取得 ---
2026-06-05 17:27:10 [INFO] fetch_news: === ニュース取得開始 ===
2026-06-05 17:27:11 [INFO] fetch_news: [OK] ニュース取得 [日銀]: 5件
2026-06-05 17:27:13 [INFO] fetch_news: [OK] ニュース取得 [FRB 金融政策]: 5件
2026-06-05 17:27:14 [INFO] fetch_news: [OK] ニュース取得 [FedWatch 利上げ 確率]: 5件
2026-06-05 17:27:17 [INFO] fetch_news: [OK] ニュース取得 [site:boj.or.jp]: 5件
2026-06-05 17:27:18 [INFO] fetch_news: [OK] ニュース取得 [site:kantei.go.jp 経済]: 5件
2026-06-05 17:27:20 [INFO] fetch_news: [OK] ニュース取得 [site:mof.go.jp]: 5件
2026-06-05 17:27:22 [INFO] fetch_news: [OK] ニュース取得 [米国株]: 5件
2026-06-05 17:27:24 [INFO] fetch_news: [OK] ニュース取得 [日本株]: 5件
2026-06-05 17:27:26 [INFO] fetch_news: [OK] ニュース取得 [金利]: 5件
2026-06-05 17:27:28 [INFO] fetch_news: [OK] ニュース取得 [地政学リスク]: 5件
2026-06-05 17:27:30 [INFO] fetch_news: [OK] ニュース取得 [為替 ドル円]: 5件
2026-06-05 17:27:32 [INFO] fetch_news: [OK] ニュース取得 [OANDA 為替 レート]: 5件
2026-06-05 17:27:33 [INFO] fetch_news: [OK] ニュース取得 [半導体]: 5件
2026-06-05 17:27:35 [INFO] fetch_news: [OK] ニュース取得 [決算]: 5件
2026-06-05 17:27:37 [INFO] fetch_news: [OK] ニュース取得 [原油]: 5件
2026-06-05 17:27:39 [INFO] fetch_news: [OK] ニュース取得 [site:traders.co.jp]: 5件
2026-06-05 17:27:41 [INFO] fetch_news: [OK] ニュース取得 [site:minkabu.jp 株]: 5件
2026-06-05 17:27:43 [INFO] fetch_news: [OK] ニュース取得 [site:fx.minkabu.jp]: 5件
2026-06-05 17:27:45 [INFO] fetch_news: [OK] ニュース取得 [site:nikkei225jp.com]: 5件
2026-06-05 17:27:46 [INFO] fetch_news: [OK] ニュース取得 [帝国データバンク 倒産]: 5件
2026-06-05 17:27:48 [INFO] fetch_news: [OK] ニュース取得 [site:tdb.co.jp]: 5件
2026-06-05 17:27:49 [INFO] fetch_news: ニュース保存: C:\Users\中田　洋介\Desktop\tousijouhou\market-ai-secretary\data\news\2026-06-05_news.json (105件)
2026-06-05 17:27:49 [INFO] fetch_news: === ニュース取得完了: 105件 ===
2026-06-05 17:27:49 [INFO] run_daily: --- Step 3: 指標計算 ---
2026-06-05 17:27:49 [INFO] indicators: リスク判定: 弱気 (リスクオフ) (スコア=-2.18)
2026-06-05 17:27:49 [INFO] run_daily: --- Step 4: 分析 ---
2026-06-05 17:27:49 [INFO] analyze: === 分析開始 ===
2026-06-05 17:27:49 [INFO] analyze: === 分析完了 ===
2026-06-05 17:27:49 [INFO] run_daily: --- Step 5: matplotlibチャート生成 ---
2026-06-05 17:27:50 [INFO] visualize: === チャート生成開始 ===
2026-06-05 17:27:51 [INFO] visualize: 指数チャート保存: C:\Users\中田　洋介\Desktop\tousijouhou\market-ai-secretary\reports\charts\2026-06-05_indices.png
2026-06-05 17:27:51 [INFO] visualize: 銘柄チャート保存: C:\Users\中田　洋介\Desktop\tousijouhou\market-ai-secretary\reports\charts\2026-06-05_stocks.png
2026-06-05 17:27:51 [INFO] visualize: コモディティチャート保存: C:\Users\中田　洋介\Desktop\tousijouhou\market-ai-secretary\reports\charts\2026-06-05_commodities.png
2026-06-05 17:27:51 [INFO] visualize: Fear&Greed保存: C:\Users\中田　洋介\Desktop\tousijouhou\market-ai-secretary\reports\charts\2026-06-05_fear_greed.png
2026-06-05 17:27:52 [INFO] visualize: リスクメーター保存: C:\Users\中田　洋介\Desktop\tousijouhou\market-ai-secretary\reports\charts\2026-06-05_risk_meter.png
2026-06-05 17:27:52 [INFO] visualize: ニュースチャート保存: C:\Users\中田　洋介\Desktop\tousijouhou\market-ai-secretary\reports\charts\2026-06-05_news.png
2026-06-05 17:27:52 [INFO] visualize: === チャート生成完了: 6件 ===
2026-06-05 17:27:52 [INFO] run_daily: --- Step 6: Plotlyチャート生成 ---
2026-06-05 17:27:53 [INFO] visualize_plotly: === Plotly チャート生成開始 ===
2026-06-05 17:27:53 [INFO] visualize_plotly: [OK] indices
2026-06-05 17:27:53 [INFO] visualize_plotly: [OK] stocks
2026-06-05 17:27:53 [INFO] visualize_plotly: [OK] fear_greed
2026-06-05 17:27:53 [INFO] visualize_plotly: [OK] risk_meter
2026-06-05 17:27:53 [INFO] visualize_plotly: [OK] commodities
2026-06-05 17:27:53 [INFO] visualize_plotly: [OK] news
2026-06-05 17:27:53 [INFO] visualize_plotly: === Plotly 完了: 6件 ===
2026-06-05 17:27:53 [INFO] run_daily: --- Step 6b: 追加ニュース・Polymarket取得 ---
2026-06-05 17:27:53 [INFO] fetch_extra_news: === 追加ニュース・Polymarket 取得開始 ===
2026-06-05 17:27:53 [INFO] fetch_extra_news: [OK] NHK 経済: 6件
2026-06-05 17:27:54 [INFO] fetch_extra_news: [OK] NHK トップ: 5件
2026-06-05 17:27:55 [INFO] fetch_extra_news: [OK] Yahoo! ファイナンス: 6件
2026-06-05 17:27:56 [INFO] fetch_extra_news: [OK] 東洋経済: 5件
2026-06-05 17:27:58 [INFO] fetch_extra_news: [OK] MarketWatch: 5件
2026-06-05 17:27:59 [INFO] fetch_extra_news: [OK] FXStreet（FX専門）: 5件
2026-06-05 17:28:00 [INFO] fetch_extra_news: [OK] Investing.com: 5件
2026-06-05 17:28:01 [INFO] fetch_extra_news: [OK] Yahoo Finance: 5件
2026-06-05 17:28:02 [INFO] fetch_extra_news: [OK] 日銀公式: 5件
2026-06-05 17:28:04 [INFO] fetch_extra_news: [OK] 首相官邸: 4件
2026-06-05 17:28:05 [INFO] fetch_extra_news: [OK] 財務省: 4件
2026-06-05 17:28:07 [INFO] fetch_extra_news: [OK] トレーダーズウェブ: 5件
2026-06-05 17:28:09 [INFO] fetch_extra_news: [OK] トレーダーズウェブFX: 4件
2026-06-05 17:28:10 [INFO] fetch_extra_news: [OK] みんかぶ: 5件
2026-06-05 17:28:11 [INFO] fetch_extra_news: [OK] みんかぶFX: 4件
2026-06-05 17:28:12 [INFO] fetch_extra_news: [OK] 日経225専門: 4件
2026-06-05 17:28:14 [INFO] fetch_extra_news: [OK] OANDA為替: 4件
2026-06-05 17:28:16 [INFO] fetch_extra_news: [OK] 帝国データバンク: 4件
2026-06-05 17:28:17 [INFO] fetch_extra_news: [OK] FedWatch利上げ確率: 4件
2026-06-05 17:28:19 [INFO] fetch_extra_news: [OK] PayPay証券: 3件
2026-06-05 17:28:21 [INFO] fetch_extra_news: [OK] Polymarket: 3件（金融・経済関連）
2026-06-05 17:28:21 [INFO] fetch_extra_news: 追加ニュース保存: 92件 / Polymarket: 3件
2026-06-05 17:28:21 [INFO] fetch_extra_news: === 完了: ニュース92件 / Polymarket3件 ===
2026-06-05 17:28:21 [INFO] run_daily: --- Step 7: Ollama AI要約（カテゴリ別） ---
2026-06-05 17:28:25 [INFO] ai_summary: Ollama AI要約開始: モデル=qwen2.5:3b
2026-06-05 17:28:25 [INFO] ai_summary: AI要約生成中: 🏦 日銀・日本政府（25件）
2026-06-05 17:28:32 [INFO] ai_summary: AI要約生成中: 🇺🇸 FRB・米国金融政策（12件）
2026-06-05 17:28:36 [INFO] ai_summary: AI要約生成中: 📈 米国株市場（24件）
2026-06-05 17:28:39 [INFO] ai_summary: AI要約生成中: 🗾 日本株市場（21件）
2026-06-05 17:28:43 [INFO] ai_summary: AI要約生成中: 💱 為替・FX（21件）
2026-06-05 17:28:46 [INFO] ai_summary: AI要約生成中: 🌍 地政学リスク（4件）
2026-06-05 17:28:54 [INFO] ai_summary: 市場全体コメント生成完了
2026-06-05 17:28:54 [INFO] ai_summary: AI要約完了: 6カテゴリ
2026-06-05 17:28:54 [INFO] run_daily: AI要約保存: C:\Users\中田　洋介\Desktop\tousijouhou\market-ai-secretary\data\raw\2026-06-05_ai_morning.json
2026-06-05 17:28:54 [INFO] run_daily: --- Step 8: レポート生成 ---
2026-06-05 17:28:54 [INFO] report_writer: レポート保存: C:\Users\中田　洋介\Desktop\tousijouhou\market-ai-secretary\reports\2026-06-05_morning.html
2026-06-05 17:28:54 [INFO] run_daily: HTML: C:\Users\中田　洋介\Desktop\tousijouhou\market-ai-secretary\reports\2026-06-05_morning.html
2026-06-05 17:28:54 [INFO] run_daily: --- Step 9: Telegram通知 ---
2026-06-05 17:28:54 [INFO] notify_telegram: Telegram 設定なし。通知をスキップします。レポートはローカルに保存済みです。
2026-06-05 17:28:54 [INFO] run_daily: ====== 完了 [mode=morning] ======
2026-06-05 17:32:01 [INFO] technical: === テクニカル分析開始 ===
2026-06-05 17:32:02 [INFO] technical: [OK] テクニカル: 日経平均 RSI=72.6 トレンド=中期上昇
2026-06-05 17:32:03 [INFO] technical: [OK] テクニカル: S&P500 RSI=58.5 トレンド=中期上昇
2026-06-05 17:32:03 [INFO] technical: [OK] テクニカル: NASDAQ RSI=54.3 トレンド=中期上昇
2026-06-05 17:32:04 [INFO] technical: [OK] テクニカル: ドル円 RSI=74.8 トレンド=短期上昇トレンド / 中期下落
2026-06-05 17:32:05 [INFO] technical: [OK] テクニカル: 金 RSI=43.5 トレンド=中期下落
2026-06-05 17:32:05 [INFO] technical: [OK] テクニカル: 原油 RSI=32.8 トレンド=短期下落トレンド / 中期上昇
2026-06-05 17:32:06 [INFO] technical: [OK] テクニカル: Bitcoin RSI=12.8 トレンド=短期下落トレンド / 中期上昇
2026-06-05 17:32:06 [INFO] technical: === テクニカル分析完了: 7件 → C:\Users\中田　洋介\Desktop\tousijouhou\market-ai-secretary\data\processed\2026-06-05_technical.json ===
2026-06-05 17:32:29 [INFO] run_daily: ====== Market AI Secretary 開始 [mode=test] ======
2026-06-05 17:32:29 [INFO] run_daily: 実行時刻(JST): 2026-06-05 17:32:29
2026-06-05 17:32:29 [INFO] run_daily: --- Step 1: 価格データ取得 ---
2026-06-05 17:32:30 [INFO] fetch_prices: === 価格データ取得開始 ===
2026-06-05 17:32:31 [INFO] fetch_prices: [OK] 日経平均(^N225) = 66588.1172
2026-06-05 17:32:32 [ERROR] fetch_prices: [FAIL] TOPIX(^TOPX): 全ソースで取得失敗
2026-06-05 17:32:32 [INFO] fetch_prices: [OK] S&P500(^GSPC) = 7584.3101
2026-06-05 17:32:33 [INFO] fetch_prices: [OK] NASDAQ(^IXIC) = 26830.9609
2026-06-05 17:32:33 [INFO] fetch_prices: [OK] ダウ(^DJI) = 51561.9297
2026-06-05 17:32:34 [INFO] fetch_prices: [OK] VIX（恐怖指数）(^VIX) = 15.75
2026-06-05 17:32:34 [INFO] fetch_prices: [OK] VIX9D（超短期）(^VIX9D) = 12.65
2026-06-05 17:32:35 [INFO] fetch_prices: [OK] VIX3M（3ヶ月）(^VIX3M) = 19.23
2026-06-05 17:32:35 [INFO] fetch_prices: [OK] VVIX（VIXのVIX）(^VVIX) = 89.8
2026-06-05 17:32:36 [INFO] fetch_prices: [OK] SKEW（テールリスク）(^SKEW) = 142.15
2026-06-05 17:32:37 [INFO] fetch_prices: [OK] 米10年金利(^TNX) = 4.477
2026-06-05 17:32:37 [INFO] fetch_prices: [OK] ドル円(USDJPY=X) = 159.933
2026-06-05 17:32:38 [INFO] fetch_prices: [OK] ユーロドル(EURUSD=X) = 1.1643
2026-06-05 17:32:38 [INFO] fetch_prices: [OK] 米10年金利(^TNX) = 4.477
2026-06-05 17:32:39 [INFO] fetch_prices: [OK] 金(GOLD)(GC=F) = 4492.1001
2026-06-05 17:32:39 [INFO] fetch_prices: [OK] WTI原油(CL=F) = 92.32
2026-06-05 17:32:40 [INFO] fetch_prices: [OK] Bitcoin(BTC-USD) = 62789.8984
2026-06-05 17:32:40 [INFO] fetch_prices: [OK] NVIDIA(NVDA) = 218.66
2026-06-05 17:32:41 [INFO] fetch_prices: [OK] Apple(AAPL) = 311.23
2026-06-05 17:32:41 [INFO] fetch_prices: [OK] Tesla(TSLA) = 418.45
2026-06-05 17:32:42 [INFO] fetch_prices: [OK] Microsoft(MSFT) = 428.05
2026-06-05 17:32:42 [INFO] fetch_prices: [OK] Amazon(AMZN) = 253.79
2026-06-05 17:32:43 [INFO] fetch_prices: [OK] Meta(META) = 622.98
2026-06-05 17:32:43 [INFO] fetch_prices: [OK] トヨタ(7203.T) = 2850.0
2026-06-05 17:32:44 [INFO] fetch_prices: [OK] ソフトバンクG(9984.T) = 7426.0
2026-06-05 17:32:44 [INFO] fetch_prices: [OK] ソニーG(6758.T) = 3559.0
2026-06-05 17:32:45 [INFO] fetch_prices: [OK] 三菱UFJ(8306.T) = 3219.0
2026-06-05 17:32:46 [INFO] fetch_prices: [OK] アドバンテスト(6857.T) = 26765.0
2026-06-05 17:32:46 [INFO] fetch_prices: [OK] 信越化学(4063.T) = 7350.0
2026-06-05 17:32:47 [INFO] fetch_prices: [OK] CNN Fear & Greed: 55.0 (中立 😐)
2026-06-05 17:32:47 [INFO] fetch_prices: 価格データ保存: C:\Users\中田　洋介\Desktop\tousijouhou\market-ai-secretary\data\raw\2026-06-05_prices.json
2026-06-05 17:32:47 [INFO] fetch_prices: === 取得完了: 成功27件 / 失敗1件 ===
2026-06-05 17:32:47 [INFO] run_daily: --- Step 2: ニュース取得 ---
2026-06-05 17:32:47 [INFO] fetch_news: === ニュース取得開始 ===
2026-06-05 17:32:48 [INFO] fetch_news: [OK] ニュース取得 [日銀]: 5件
2026-06-05 17:32:50 [INFO] fetch_news: [OK] ニュース取得 [FRB 金融政策]: 5件
2026-06-05 17:32:52 [INFO] fetch_news: [OK] ニュース取得 [FedWatch 利上げ 確率]: 5件
2026-06-05 17:32:54 [INFO] fetch_news: [OK] ニュース取得 [site:boj.or.jp]: 5件
2026-06-05 17:32:56 [INFO] fetch_news: [OK] ニュース取得 [site:kantei.go.jp 経済]: 5件
2026-06-05 17:32:58 [INFO] fetch_news: [OK] ニュース取得 [site:mof.go.jp]: 5件
2026-06-05 17:33:00 [INFO] fetch_news: [OK] ニュース取得 [米国株]: 5件
2026-06-05 17:33:02 [INFO] fetch_news: [OK] ニュース取得 [日本株]: 5件
2026-06-05 17:33:04 [INFO] fetch_news: [OK] ニュース取得 [金利]: 5件
2026-06-05 17:33:05 [INFO] fetch_news: [OK] ニュース取得 [地政学リスク]: 5件
2026-06-05 17:33:07 [INFO] fetch_news: [OK] ニュース取得 [為替 ドル円]: 5件
2026-06-05 17:33:09 [INFO] fetch_news: [OK] ニュース取得 [OANDA 為替 レート]: 5件
2026-06-05 17:33:11 [INFO] fetch_news: [OK] ニュース取得 [半導体]: 5件
2026-06-05 17:33:14 [INFO] fetch_news: [OK] ニュース取得 [決算]: 5件
2026-06-05 17:33:16 [INFO] fetch_news: [OK] ニュース取得 [原油]: 5件
2026-06-05 17:33:18 [INFO] fetch_news: [OK] ニュース取得 [site:traders.co.jp]: 5件
2026-06-05 17:33:19 [INFO] fetch_news: [OK] ニュース取得 [site:minkabu.jp 株]: 5件
2026-06-05 17:33:21 [INFO] fetch_news: [OK] ニュース取得 [site:fx.minkabu.jp]: 5件
2026-06-05 17:33:23 [INFO] fetch_news: [OK] ニュース取得 [site:nikkei225jp.com]: 5件
2026-06-05 17:33:24 [INFO] fetch_news: [OK] ニュース取得 [帝国データバンク 倒産]: 5件
2026-06-05 17:33:26 [INFO] fetch_news: [OK] ニュース取得 [site:tdb.co.jp]: 5件
2026-06-05 17:33:27 [INFO] fetch_news: ニュース保存: C:\Users\中田　洋介\Desktop\tousijouhou\market-ai-secretary\data\news\2026-06-05_news.json (105件)
2026-06-05 17:33:27 [INFO] fetch_news: === ニュース取得完了: 105件 ===
2026-06-05 17:33:27 [INFO] run_daily: --- Step 3: 指標計算 ---
2026-06-05 17:33:27 [INFO] indicators: リスク判定: 弱気 (リスクオフ) (スコア=-2.23)
2026-06-05 17:33:27 [INFO] run_daily: --- Step 4: 分析 ---
2026-06-05 17:33:27 [INFO] analyze: === 分析開始 ===
2026-06-05 17:33:27 [INFO] analyze: === 分析完了 ===
2026-06-05 17:33:27 [INFO] run_daily: --- Step 5: matplotlibチャート生成 ---
2026-06-05 17:33:28 [INFO] visualize: === チャート生成開始 ===
2026-06-05 17:33:28 [INFO] visualize: 指数チャート保存: C:\Users\中田　洋介\Desktop\tousijouhou\market-ai-secretary\reports\charts\2026-06-05_indices.png
2026-06-05 17:33:29 [INFO] visualize: 銘柄チャート保存: C:\Users\中田　洋介\Desktop\tousijouhou\market-ai-secretary\reports\charts\2026-06-05_stocks.png
2026-06-05 17:33:29 [INFO] visualize: コモディティチャート保存: C:\Users\中田　洋介\Desktop\tousijouhou\market-ai-secretary\reports\charts\2026-06-05_commodities.png
2026-06-05 17:33:29 [INFO] visualize: Fear&Greed保存: C:\Users\中田　洋介\Desktop\tousijouhou\market-ai-secretary\reports\charts\2026-06-05_fear_greed.png
2026-06-05 17:33:29 [INFO] visualize: リスクメーター保存: C:\Users\中田　洋介\Desktop\tousijouhou\market-ai-secretary\reports\charts\2026-06-05_risk_meter.png
2026-06-05 17:33:30 [INFO] visualize: ニュースチャート保存: C:\Users\中田　洋介\Desktop\tousijouhou\market-ai-secretary\reports\charts\2026-06-05_news.png
2026-06-05 17:33:30 [INFO] visualize: === チャート生成完了: 6件 ===
2026-06-05 17:33:30 [INFO] run_daily: --- Step 6: Plotlyチャート生成 ---
2026-06-05 17:33:30 [INFO] visualize_plotly: === Plotly チャート生成開始 ===
2026-06-05 17:33:30 [INFO] visualize_plotly: [OK] indices
2026-06-05 17:33:30 [INFO] visualize_plotly: [OK] stocks
2026-06-05 17:33:30 [INFO] visualize_plotly: [OK] fear_greed
2026-06-05 17:33:30 [INFO] visualize_plotly: [OK] risk_meter
2026-06-05 17:33:30 [INFO] visualize_plotly: [OK] commodities
2026-06-05 17:33:30 [INFO] visualize_plotly: [OK] news
2026-06-05 17:33:30 [INFO] visualize_plotly: === Plotly 完了: 6件 ===
2026-06-05 17:33:30 [INFO] run_daily: --- Step 5b: テクニカル分析 ---
2026-06-05 17:33:30 [INFO] technical: === テクニカル分析開始 ===
2026-06-05 17:33:31 [INFO] technical: [OK] テクニカル: 日経平均 RSI=72.6 トレンド=中期上昇
2026-06-05 17:33:31 [INFO] technical: [OK] テクニカル: S&P500 RSI=58.5 トレンド=中期上昇
2026-06-05 17:33:32 [INFO] technical: [OK] テクニカル: NASDAQ RSI=54.3 トレンド=中期上昇
2026-06-05 17:33:32 [INFO] technical: [OK] テクニカル: ドル円 RSI=74.9 トレンド=短期上昇トレンド / 中期下落
2026-06-05 17:33:33 [INFO] technical: [OK] テクニカル: 金 RSI=43.5 トレンド=中期下落
2026-06-05 17:33:34 [INFO] technical: [OK] テクニカル: 原油 RSI=32.6 トレンド=短期下落トレンド / 中期上昇
2026-06-05 17:33:34 [INFO] technical: [OK] テクニカル: Bitcoin RSI=12.8 トレンド=短期下落トレンド / 中期上昇
2026-06-05 17:33:35 [INFO] technical: === テクニカル分析完了: 7件 → C:\Users\中田　洋介\Desktop\tousijouhou\market-ai-secretary\data\processed\2026-06-05_technical.json ===
2026-06-05 17:33:35 [INFO] run_daily: --- Step 5c: ファンダメンタル分析 ---
2026-06-05 17:33:35 [INFO] fundamental: === ファンダメンタル分析開始 ===
2026-06-05 17:33:35 [INFO] fundamental: [OK] ファンダ NVIDIA: PER=33.43425 レーティング=strong_buy
2026-06-05 17:33:36 [INFO] fundamental: [OK] ファンダ Apple: PER=37.72485 レーティング=buy
2026-06-05 17:33:37 [INFO] fundamental: [OK] ファンダ Tesla: PER=383.89908 レーティング=buy
2026-06-05 17:33:37 [INFO] fundamental: [OK] ファンダ Microsoft: PER=25.509533 レーティング=strong_buy
2026-06-05 17:33:38 [INFO] fundamental: [OK] ファンダ Amazon: PER=31.644636 レーティング=strong_buy
2026-06-05 17:33:39 [INFO] fundamental: [OK] ファンダ Meta: PER=22.82903 レーティング=strong_buy
2026-06-05 17:33:40 [INFO] fundamental: [OK] ファンダ トヨタ: PER=9.654471 レーティング=buy
2026-06-05 17:33:41 [INFO] fundamental: [OK] ファンダ SBG: PER=8.509224 レーティング=buy
2026-06-05 17:33:41 [INFO] fundamental: [OK] ファンダ ソニーG: PER=20.771566 レーティング=strong_buy
2026-06-05 17:33:42 [INFO] fundamental: [OK] ファンダ 三菱UFJ: PER=15.1610775 レーティング=buy
2026-06-05 17:33:43 [INFO] fundamental: [OK] ファンダ アドバンテスト: PER=52.205036 レーティング=buy
2026-06-05 17:33:44 [INFO] fundamental: [OK] 先物 S&P500先物: 7560.0
2026-06-05 17:33:44 [INFO] fundamental: [OK] 先物 NASDAQ先物: 30180.0
2026-06-05 17:33:45 [INFO] fundamental: [OK] 先物 ダウ先物: 51660.0
2026-06-05 17:33:45 [INFO] fundamental: [OK] 先物 金先物: 4491.2998046875
2026-06-05 17:33:46 [INFO] fundamental: [OK] 先物 原油先物: 92.2699966430664
2026-06-05 17:33:47 [INFO] fundamental: [OK] 先物 米10年債先物: 109.703125
2026-06-05 17:33:47 [INFO] fundamental: [OK] VIXオプション PCR=0.06
2026-06-05 17:33:50 [INFO] fundamental: [OK] 騰落レシオ近似: 112.8
2026-06-05 17:33:51 [INFO] fundamental: [OK] 市場統計ニュース [信用残]: 4件
2026-06-05 17:33:53 [INFO] fundamental: [OK] 市場統計ニュース [騰落レシオ]: 4件
2026-06-05 17:33:54 [INFO] fundamental: [OK] 市場統計ニュース [空売り比率]: 4件
2026-06-05 17:33:56 [INFO] fundamental: [OK] 市場統計ニュース [裁定残]: 4件
2026-06-05 17:33:58 [INFO] fundamental: [OK] 市場統計ニュース [投資主体別]: 4件
2026-06-05 17:34:00 [INFO] fundamental: [OK] 市場統計ニュース [決算情報]: 4件
2026-06-05 17:34:02 [INFO] fundamental: [OK] 市場統計ニュース [レーティング]: 4件
2026-06-05 17:34:04 [INFO] fundamental: [OK] 市場統計ニュース [経済指標]: 4件
2026-06-05 17:34:06 [INFO] fundamental: [OK] 市場統計ニュース [FOMC]: 4件
2026-06-05 17:34:08 [INFO] fundamental: [OK] 市場統計ニュース [日銀会合]: 4件
2026-06-05 17:34:10 [INFO] fundamental: [OK] 市場統計ニュース [先物/オプション]: 4件
2026-06-05 17:34:12 [INFO] fundamental: [OK] 市場統計ニュース [バリュエーション]: 4件
2026-06-05 17:34:22 [INFO] fundamental: [OK] 経済カレンダーニュース: 18件
2026-06-05 17:34:22 [INFO] fundamental: === ファンダ分析完了・保存: C:\Users\中田　洋介\Desktop\tousijouhou\market-ai-secretary\data\processed\2026-06-05_fundamental.json ===
2026-06-05 17:34:22 [INFO] run_daily: --- Step 6b: 追加ニュース・Polymarket取得 ---
2026-06-05 17:34:22 [INFO] fetch_extra_news: === 追加ニュース・Polymarket 取得開始 ===
2026-06-05 17:34:23 [INFO] fetch_extra_news: [OK] NHK 経済: 6件
2026-06-05 17:34:23 [INFO] fetch_extra_news: [OK] NHK トップ: 5件
2026-06-05 17:34:25 [INFO] fetch_extra_news: [OK] Yahoo! ファイナンス: 6件
2026-06-05 17:34:26 [INFO] fetch_extra_news: [OK] 東洋経済: 5件
2026-06-05 17:34:27 [INFO] fetch_extra_news: [OK] MarketWatch: 5件
2026-06-05 17:34:28 [INFO] fetch_extra_news: [OK] FXStreet（FX専門）: 5件
2026-06-05 17:34:29 [INFO] fetch_extra_news: [OK] Investing.com: 5件
2026-06-05 17:34:30 [INFO] fetch_extra_news: [OK] Yahoo Finance: 5件
2026-06-05 17:34:31 [INFO] fetch_extra_news: [OK] 日銀公式: 5件
2026-06-05 17:34:33 [INFO] fetch_extra_news: [OK] 首相官邸: 4件
2026-06-05 17:34:35 [INFO] fetch_extra_news: [OK] 財務省: 4件
2026-06-05 17:34:36 [INFO] fetch_extra_news: [OK] トレーダーズウェブ: 5件
2026-06-05 17:34:38 [INFO] fetch_extra_news: [OK] トレーダーズウェブFX: 4件
2026-06-05 17:34:39 [INFO] fetch_extra_news: [OK] みんかぶ: 5件
2026-06-05 17:34:40 [INFO] fetch_extra_news: [OK] みんかぶFX: 4件
2026-06-05 17:34:42 [INFO] fetch_extra_news: [OK] 日経225専門: 4件
2026-06-05 17:34:43 [INFO] fetch_extra_news: [OK] OANDA為替: 4件
2026-06-05 17:34:45 [INFO] fetch_extra_news: [OK] 帝国データバンク: 4件
2026-06-05 17:34:47 [INFO] fetch_extra_news: [OK] FedWatch利上げ確率: 4件
2026-06-05 17:34:49 [INFO] fetch_extra_news: [OK] PayPay証券: 3件
2026-06-05 17:34:50 [INFO] fetch_extra_news: [OK] Polymarket: 3件（金融・経済関連）
2026-06-05 17:34:50 [INFO] fetch_extra_news: 追加ニュース保存: 92件 / Polymarket: 3件
2026-06-05 17:34:50 [INFO] fetch_extra_news: === 完了: ニュース92件 / Polymarket3件 ===
2026-06-05 17:34:50 [INFO] run_daily: --- Step 7: Ollama AI要約（カテゴリ別） ---
2026-06-05 17:34:54 [INFO] ai_summary: Ollama AI要約開始: モデル=qwen2.5:3b
2026-06-05 17:34:54 [INFO] ai_summary: AI要約生成中: 🏦 日銀・日本政府（25件）
2026-06-05 17:35:03 [INFO] ai_summary: AI要約生成中: 🇺🇸 FRB・米国金融政策（12件）
2026-06-05 17:35:06 [INFO] ai_summary: AI要約生成中: 📈 米国株市場（24件）
2026-06-05 17:35:09 [INFO] ai_summary: AI要約生成中: 🗾 日本株市場（22件）
2026-06-05 17:35:13 [INFO] ai_summary: AI要約生成中: 💱 為替・FX（21件）
2026-06-05 17:35:16 [INFO] ai_summary: AI要約生成中: 🌍 地政学リスク（4件）
2026-06-05 17:35:23 [INFO] ai_summary: 市場全体コメント生成完了
2026-06-05 17:35:23 [INFO] ai_summary: AI要約完了: 6カテゴリ
2026-06-05 17:35:23 [INFO] run_daily: AI要約保存: C:\Users\中田　洋介\Desktop\tousijouhou\market-ai-secretary\data\raw\2026-06-05_ai_test.json
2026-06-05 17:35:23 [INFO] run_daily: --- Step 8: レポート生成 ---
2026-06-05 17:35:23 [INFO] report_writer: レポート保存: C:\Users\中田　洋介\Desktop\tousijouhou\market-ai-secretary\reports\2026-06-05_test.html
2026-06-05 17:35:23 [INFO] run_daily: HTML: C:\Users\中田　洋介\Desktop\tousijouhou\market-ai-secretary\reports\2026-06-05_test.html
2026-06-05 17:35:23 [INFO] run_daily: --- Step 9: Telegram通知 ---
2026-06-05 17:35:23 [INFO] notify_telegram: Telegram 設定なし。通知をスキップします。レポートはローカルに保存済みです。
2026-06-05 17:35:23 [INFO] run_daily: ====== 完了 [mode=test] ======
2026-06-05 17:36:00 [INFO] run_daily: ====== Market AI Secretary 開始 [mode=test] ======
2026-06-05 17:36:00 [INFO] run_daily: 実行時刻(JST): 2026-06-05 17:36:00
2026-06-05 17:36:00 [INFO] run_daily: --- Step 1: 価格データ取得 ---
2026-06-05 17:36:02 [INFO] fetch_prices: === 価格データ取得開始 ===
2026-06-05 17:36:03 [INFO] fetch_prices: [OK] 日経平均(^N225) = 66588.1172
2026-06-05 17:36:03 [ERROR] fetch_prices: [FAIL] TOPIX(^TOPX): 全ソースで取得失敗
2026-06-05 17:36:04 [INFO] fetch_prices: [OK] S&P500(^GSPC) = 7584.3101
2026-06-05 17:36:04 [INFO] fetch_prices: [OK] NASDAQ(^IXIC) = 26830.9609
2026-06-05 17:36:05 [INFO] fetch_prices: [OK] ダウ(^DJI) = 51561.9297
2026-06-05 17:36:05 [INFO] fetch_prices: [OK] VIX（恐怖指数）(^VIX) = 15.74
2026-06-05 17:36:06 [INFO] fetch_prices: [OK] VIX9D（超短期）(^VIX9D) = 12.65
2026-06-05 17:36:06 [INFO] fetch_prices: [OK] VIX3M（3ヶ月）(^VIX3M) = 19.23
2026-06-05 17:36:07 [INFO] fetch_prices: [OK] VVIX（VIXのVIX）(^VVIX) = 89.8
2026-06-05 17:36:07 [INFO] fetch_prices: [OK] SKEW（テールリスク）(^SKEW) = 142.15
2026-06-05 17:36:08 [INFO] fetch_prices: [OK] 米10年金利(^TNX) = 4.477
2026-06-05 17:36:09 [INFO] fetch_prices: [OK] ドル円(USDJPY=X) = 159.931
2026-06-05 17:36:09 [INFO] fetch_prices: [OK] ユーロドル(EURUSD=X) = 1.1641
2026-06-05 17:36:09 [INFO] fetch_prices: [OK] 米10年金利(^TNX) = 4.477
2026-06-05 17:36:10 [INFO] fetch_prices: [OK] 金(GOLD)(GC=F) = 4491.7002
2026-06-05 17:36:10 [INFO] fetch_prices: [OK] WTI原油(CL=F) = 92.04
2026-06-05 17:36:11 [INFO] fetch_prices: [OK] Bitcoin(BTC-USD) = 62660.0195
2026-06-05 17:36:12 [INFO] fetch_prices: [OK] NVIDIA(NVDA) = 218.66
2026-06-05 17:36:12 [INFO] fetch_prices: [OK] Apple(AAPL) = 311.23
2026-06-05 17:36:13 [INFO] fetch_prices: [OK] Tesla(TSLA) = 418.45
2026-06-05 17:36:13 [INFO] fetch_prices: [OK] Microsoft(MSFT) = 428.05
2026-06-05 17:36:14 [INFO] fetch_prices: [OK] Amazon(AMZN) = 253.79
2026-06-05 17:36:14 [INFO] fetch_prices: [OK] Meta(META) = 622.98
2026-06-05 17:36:15 [INFO] fetch_prices: [OK] トヨタ(7203.T) = 2850.0
2026-06-05 17:36:16 [INFO] fetch_prices: [OK] ソフトバンクG(9984.T) = 7426.0
2026-06-05 17:36:16 [INFO] fetch_prices: [OK] ソニーG(6758.T) = 3559.0
2026-06-05 17:36:17 [INFO] fetch_prices: [OK] 三菱UFJ(8306.T) = 3219.0
2026-06-05 17:36:17 [INFO] fetch_prices: [OK] アドバンテスト(6857.T) = 26765.0
2026-06-05 17:36:18 [INFO] fetch_prices: [OK] 信越化学(4063.T) = 7350.0
2026-06-05 17:36:19 [INFO] fetch_prices: [OK] CNN Fear & Greed: 55.0 (中立 😐)
2026-06-05 17:36:19 [INFO] fetch_prices: 価格データ保存: C:\Users\中田　洋介\Desktop\tousijouhou\market-ai-secretary\data\raw\2026-06-05_prices.json
2026-06-05 17:36:19 [INFO] fetch_prices: === 取得完了: 成功27件 / 失敗1件 ===
2026-06-05 17:36:19 [INFO] run_daily: --- Step 2: ニュース取得 ---
2026-06-05 17:36:19 [INFO] fetch_news: === ニュース取得開始 ===
2026-06-05 17:36:20 [INFO] fetch_news: [OK] ニュース取得 [日銀]: 5件
2026-06-05 17:36:22 [INFO] fetch_news: [OK] ニュース取得 [FRB 金融政策]: 5件
2026-06-05 17:36:24 [INFO] fetch_news: [OK] ニュース取得 [FedWatch 利上げ 確率]: 5件
2026-06-05 17:36:25 [INFO] fetch_news: [OK] ニュース取得 [site:boj.or.jp]: 5件
2026-06-05 17:36:28 [INFO] fetch_news: [OK] ニュース取得 [site:kantei.go.jp 経済]: 5件
2026-06-05 17:36:29 [INFO] fetch_news: [OK] ニュース取得 [site:mof.go.jp]: 5件
2026-06-05 17:36:32 [INFO] fetch_news: [OK] ニュース取得 [米国株]: 5件
2026-06-05 17:36:34 [INFO] fetch_news: [OK] ニュース取得 [日本株]: 5件
2026-06-05 17:36:36 [INFO] fetch_news: [OK] ニュース取得 [金利]: 5件
2026-06-05 17:36:38 [INFO] fetch_news: [OK] ニュース取得 [地政学リスク]: 5件
2026-06-05 17:36:40 [INFO] fetch_news: [OK] ニュース取得 [為替 ドル円]: 5件
2026-06-05 17:36:42 [INFO] fetch_news: [OK] ニュース取得 [OANDA 為替 レート]: 5件
2026-06-05 17:36:44 [INFO] fetch_news: [OK] ニュース取得 [半導体]: 5件
2026-06-05 17:36:46 [INFO] fetch_news: [OK] ニュース取得 [決算]: 5件
2026-06-05 17:36:48 [INFO] fetch_news: [OK] ニュース取得 [原油]: 5件
2026-06-05 17:36:50 [INFO] fetch_news: [OK] ニュース取得 [site:traders.co.jp]: 5件
2026-06-05 17:36:51 [INFO] fetch_news: [OK] ニュース取得 [site:minkabu.jp 株]: 5件
2026-06-05 17:36:53 [INFO] fetch_news: [OK] ニュース取得 [site:fx.minkabu.jp]: 5件
2026-06-05 17:36:55 [INFO] fetch_news: [OK] ニュース取得 [site:nikkei225jp.com]: 5件
2026-06-05 17:36:57 [INFO] fetch_news: [OK] ニュース取得 [帝国データバンク 倒産]: 5件
2026-06-05 17:36:58 [INFO] fetch_news: [OK] ニュース取得 [site:tdb.co.jp]: 5件
2026-06-05 17:36:59 [INFO] fetch_news: ニュース保存: C:\Users\中田　洋介\Desktop\tousijouhou\market-ai-secretary\data\news\2026-06-05_news.json (105件)
2026-06-05 17:36:59 [INFO] fetch_news: === ニュース取得完了: 105件 ===
2026-06-05 17:36:59 [INFO] run_daily: --- Step 3: 指標計算 ---
2026-06-05 17:36:59 [INFO] indicators: リスク判定: 弱気 (リスクオフ) (スコア=-2.21)
2026-06-05 17:36:59 [INFO] run_daily: --- Step 4: 分析 ---
2026-06-05 17:36:59 [INFO] analyze: === 分析開始 ===
2026-06-05 17:36:59 [INFO] analyze: === 分析完了 ===
2026-06-05 17:36:59 [INFO] run_daily: --- Step 5: matplotlibチャート生成 ---
2026-06-05 17:37:00 [INFO] visualize: === チャート生成開始 ===
2026-06-05 17:37:01 [INFO] visualize: 指数チャート保存: C:\Users\中田　洋介\Desktop\tousijouhou\market-ai-secretary\reports\charts\2026-06-05_indices.png
2026-06-05 17:37:01 [INFO] visualize: 銘柄チャート保存: C:\Users\中田　洋介\Desktop\tousijouhou\market-ai-secretary\reports\charts\2026-06-05_stocks.png
2026-06-05 17:37:01 [INFO] visualize: コモディティチャート保存: C:\Users\中田　洋介\Desktop\tousijouhou\market-ai-secretary\reports\charts\2026-06-05_commodities.png
2026-06-05 17:37:01 [INFO] visualize: Fear&Greed保存: C:\Users\中田　洋介\Desktop\tousijouhou\market-ai-secretary\reports\charts\2026-06-05_fear_greed.png
2026-06-05 17:37:02 [INFO] visualize: リスクメーター保存: C:\Users\中田　洋介\Desktop\tousijouhou\market-ai-secretary\reports\charts\2026-06-05_risk_meter.png
2026-06-05 17:37:02 [INFO] visualize: ニュースチャート保存: C:\Users\中田　洋介\Desktop\tousijouhou\market-ai-secretary\reports\charts\2026-06-05_news.png
2026-06-05 17:37:02 [INFO] visualize: === チャート生成完了: 6件 ===
2026-06-05 17:37:02 [INFO] run_daily: --- Step 6: Plotlyチャート生成 ---
2026-06-05 17:37:02 [INFO] visualize_plotly: === Plotly チャート生成開始 ===
2026-06-05 17:37:03 [INFO] visualize_plotly: [OK] indices
2026-06-05 17:37:03 [INFO] visualize_plotly: [OK] stocks
2026-06-05 17:37:03 [INFO] visualize_plotly: [OK] fear_greed
2026-06-05 17:37:03 [INFO] visualize_plotly: [OK] risk_meter
2026-06-05 17:37:03 [INFO] visualize_plotly: [OK] commodities
2026-06-05 17:37:03 [INFO] visualize_plotly: [OK] news
2026-06-05 17:37:03 [INFO] visualize_plotly: === Plotly 完了: 6件 ===
2026-06-05 17:37:03 [INFO] run_daily: --- Step 5b: テクニカル分析 ---
2026-06-05 17:37:03 [INFO] technical: === テクニカル分析開始 ===
2026-06-05 17:37:03 [INFO] technical: [OK] テクニカル: 日経平均 RSI=72.6 トレンド=中期上昇
2026-06-05 17:37:03 [INFO] technical: [OK] テクニカル: S&P500 RSI=58.5 トレンド=中期上昇
2026-06-05 17:37:04 [INFO] technical: [OK] テクニカル: NASDAQ RSI=54.3 トレンド=中期上昇
2026-06-05 17:37:05 [INFO] technical: [OK] テクニカル: ドル円 RSI=74.8 トレンド=短期上昇トレンド / 中期下落
2026-06-05 17:37:05 [INFO] technical: [OK] テクニカル: 金 RSI=43.5 トレンド=中期下落
2026-06-05 17:37:06 [INFO] technical: [OK] テクニカル: 原油 RSI=32.4 トレンド=短期下落トレンド / 中期上昇
2026-06-05 17:37:07 [INFO] technical: [OK] テクニカル: Bitcoin RSI=12.6 トレンド=短期下落トレンド / 中期上昇
2026-06-05 17:37:07 [INFO] technical: === テクニカル分析完了: 7件 → C:\Users\中田　洋介\Desktop\tousijouhou\market-ai-secretary\data\processed\2026-06-05_technical.json ===
2026-06-05 17:37:07 [INFO] run_daily: --- Step 5c: ファンダメンタル分析 ---
2026-06-05 17:37:07 [INFO] fundamental: === ファンダメンタル分析開始 ===
2026-06-05 17:37:07 [INFO] fundamental: [OK] ファンダ NVIDIA: PER=33.43425 レーティング=strong_buy
2026-06-05 17:37:08 [INFO] fundamental: [OK] ファンダ Apple: PER=37.72485 レーティング=buy
2026-06-05 17:37:09 [INFO] fundamental: [OK] ファンダ Tesla: PER=383.89908 レーティング=buy
2026-06-05 17:37:10 [INFO] fundamental: [OK] ファンダ Microsoft: PER=25.509533 レーティング=strong_buy
2026-06-05 17:37:11 [INFO] fundamental: [OK] ファンダ Amazon: PER=31.644636 レーティング=strong_buy
2026-06-05 17:37:12 [INFO] fundamental: [OK] ファンダ Meta: PER=22.82903 レーティング=strong_buy
2026-06-05 17:37:13 [INFO] fundamental: [OK] ファンダ トヨタ: PER=9.654471 レーティング=buy
2026-06-05 17:37:13 [INFO] fundamental: [OK] ファンダ SBG: PER=8.509224 レーティング=buy
2026-06-05 17:37:14 [INFO] fundamental: [OK] ファンダ ソニーG: PER=20.771566 レーティング=strong_buy
2026-06-05 17:37:15 [INFO] fundamental: [OK] ファンダ 三菱UFJ: PER=15.1610775 レーティング=buy
2026-06-05 17:37:16 [INFO] fundamental: [OK] ファンダ アドバンテスト: PER=52.205036 レーティング=buy
2026-06-05 17:37:16 [INFO] fundamental: [OK] 先物 S&P500先物: 7562.75
2026-06-05 17:37:17 [INFO] fundamental: [OK] 先物 NASDAQ先物: 30189.75
2026-06-05 17:37:17 [INFO] fundamental: [OK] 先物 ダウ先物: 51684.0
2026-06-05 17:37:18 [INFO] fundamental: [OK] 先物 金先物: 4491.2001953125
2026-06-05 17:37:18 [INFO] fundamental: [OK] 先物 原油先物: 92.04000091552734
2026-06-05 17:37:19 [INFO] fundamental: [OK] 先物 米10年債先物: 109.703125
2026-06-05 17:37:20 [INFO] fundamental: [OK] VIXオプション PCR=0.06
2026-06-05 17:37:22 [INFO] fundamental: [OK] 騰落レシオ近似: 112.8
2026-06-05 17:37:23 [INFO] fundamental: [OK] 市場統計ニュース [信用残]: 4件
2026-06-05 17:37:25 [INFO] fundamental: [OK] 市場統計ニュース [騰落レシオ]: 4件
2026-06-05 17:37:26 [INFO] fundamental: [OK] 市場統計ニュース [空売り比率]: 4件
2026-06-05 17:37:28 [INFO] fundamental: [OK] 市場統計ニュース [裁定残]: 4件
2026-06-05 17:37:30 [INFO] fundamental: [OK] 市場統計ニュース [投資主体別]: 4件
2026-06-05 17:37:32 [INFO] fundamental: [OK] 市場統計ニュース [決算情報]: 4件
2026-06-05 17:37:34 [INFO] fundamental: [OK] 市場統計ニュース [レーティング]: 4件
2026-06-05 17:37:36 [INFO] fundamental: [OK] 市場統計ニュース [経済指標]: 4件
2026-06-05 17:37:38 [INFO] fundamental: [OK] 市場統計ニュース [FOMC]: 4件
2026-06-05 17:37:40 [INFO] fundamental: [OK] 市場統計ニュース [日銀会合]: 4件
2026-06-05 17:37:41 [INFO] fundamental: [OK] 市場統計ニュース [先物/オプション]: 4件
2026-06-05 17:37:43 [INFO] fundamental: [OK] 市場統計ニュース [バリュエーション]: 4件
2026-06-05 17:37:54 [INFO] fundamental: [OK] 経済カレンダーニュース: 18件
2026-06-05 17:37:54 [INFO] fundamental: === ファンダ分析完了・保存: C:\Users\中田　洋介\Desktop\tousijouhou\market-ai-secretary\data\processed\2026-06-05_fundamental.json ===
2026-06-05 17:37:54 [INFO] run_daily: --- Step 6b: 追加ニュース・Polymarket取得 ---
2026-06-05 17:37:54 [INFO] fetch_extra_news: === 追加ニュース・Polymarket 取得開始 ===
2026-06-05 17:37:54 [INFO] fetch_extra_news: [OK] NHK 経済: 6件
2026-06-05 17:37:55 [INFO] fetch_extra_news: [OK] NHK トップ: 5件
2026-06-05 17:37:56 [INFO] fetch_extra_news: [OK] Yahoo! ファイナンス: 6件
2026-06-05 17:37:57 [INFO] fetch_extra_news: [OK] 東洋経済: 5件
2026-06-05 17:37:58 [INFO] fetch_extra_news: [OK] MarketWatch: 5件
2026-06-05 17:37:59 [INFO] fetch_extra_news: [OK] FXStreet（FX専門）: 5件
2026-06-05 17:38:01 [INFO] fetch_extra_news: [OK] Investing.com: 5件
2026-06-05 17:38:02 [INFO] fetch_extra_news: [OK] Yahoo Finance: 5件
2026-06-05 17:38:03 [INFO] fetch_extra_news: [OK] 日銀公式: 5件
2026-06-05 17:38:05 [INFO] fetch_extra_news: [OK] 首相官邸: 4件
2026-06-05 17:38:07 [INFO] fetch_extra_news: [OK] 財務省: 4件
2026-06-05 17:38:08 [INFO] fetch_extra_news: [OK] トレーダーズウェブ: 5件
2026-06-05 17:38:10 [INFO] fetch_extra_news: [OK] トレーダーズウェブFX: 4件
2026-06-05 17:38:11 [INFO] fetch_extra_news: [OK] みんかぶ: 5件
2026-06-05 17:38:13 [INFO] fetch_extra_news: [OK] みんかぶFX: 4件
2026-06-05 17:38:14 [INFO] fetch_extra_news: [OK] 日経225専門: 4件
2026-06-05 17:38:15 [INFO] fetch_extra_news: [OK] OANDA為替: 4件
2026-06-05 17:38:17 [INFO] fetch_extra_news: [OK] 帝国データバンク: 4件
2026-06-05 17:38:19 [INFO] fetch_extra_news: [OK] FedWatch利上げ確率: 4件
2026-06-05 17:38:21 [INFO] fetch_extra_news: [OK] PayPay証券: 3件
2026-06-05 17:38:22 [INFO] fetch_extra_news: [OK] Polymarket: 3件（金融・経済関連）
2026-06-05 17:38:22 [INFO] fetch_extra_news: 追加ニュース保存: 92件 / Polymarket: 3件
2026-06-05 17:38:22 [INFO] fetch_extra_news: === 完了: ニュース92件 / Polymarket3件 ===
2026-06-05 17:38:22 [INFO] run_daily: --- Step 7: Ollama AI要約（カテゴリ別） ---
2026-06-05 17:38:27 [INFO] ai_summary: Ollama AI要約開始: モデル=qwen2.5:3b
2026-06-05 17:38:27 [INFO] ai_summary: AI要約生成中: 🏦 日銀・日本政府（25件）
2026-06-05 17:38:30 [INFO] ai_summary: AI要約生成中: 🇺🇸 FRB・米国金融政策（12件）
2026-06-05 17:38:34 [INFO] ai_summary: AI要約生成中: 📈 米国株市場（24件）
2026-06-05 17:38:37 [INFO] ai_summary: AI要約生成中: 🗾 日本株市場（21件）
2026-06-05 17:38:40 [INFO] ai_summary: AI要約生成中: 💱 為替・FX（21件）
2026-06-05 17:38:44 [INFO] ai_summary: AI要約生成中: 🌍 地政学リスク（4件）
2026-06-05 17:38:51 [INFO] ai_summary: 市場全体コメント生成完了
2026-06-05 17:38:51 [INFO] ai_summary: AI要約完了: 6カテゴリ
2026-06-05 17:38:51 [INFO] run_daily: AI要約保存: C:\Users\中田　洋介\Desktop\tousijouhou\market-ai-secretary\data\raw\2026-06-05_ai_test.json
2026-06-05 17:38:51 [INFO] run_daily: --- Step 8: レポート生成 ---
2026-06-05 17:38:51 [INFO] report_writer: レポート保存: C:\Users\中田　洋介\Desktop\tousijouhou\market-ai-secretary\reports\2026-06-05_test.html
2026-06-05 17:38:51 [INFO] run_daily: HTML: C:\Users\中田　洋介\Desktop\tousijouhou\market-ai-secretary\reports\2026-06-05_test.html
2026-06-05 17:38:51 [INFO] run_daily: --- Step 9: Telegram通知 ---
2026-06-05 17:38:51 [INFO] notify_telegram: Telegram 設定なし。通知をスキップします。レポートはローカルに保存済みです。
2026-06-05 17:38:51 [INFO] run_daily: ====== 完了 [mode=test] ======
2026-06-05 17:39:24 [INFO] run_daily: ====== Market AI Secretary 開始 [mode=morning] ======
2026-06-05 17:39:24 [INFO] run_daily: 実行時刻(JST): 2026-06-05 17:39:24
2026-06-05 17:39:24 [INFO] run_daily: --- Step 1: 価格データ取得 ---
2026-06-05 17:39:26 [INFO] fetch_prices: === 価格データ取得開始 ===
2026-06-05 17:39:27 [INFO] fetch_prices: [OK] 日経平均(^N225) = 66588.1172
2026-06-05 17:39:27 [ERROR] fetch_prices: [FAIL] TOPIX(^TOPX): 全ソースで取得失敗
2026-06-05 17:39:28 [INFO] fetch_prices: [OK] S&P500(^GSPC) = 7584.3101
2026-06-05 17:39:28 [INFO] fetch_prices: [OK] NASDAQ(^IXIC) = 26830.9609
2026-06-05 17:39:29 [INFO] fetch_prices: [OK] ダウ(^DJI) = 51561.9297
2026-06-05 17:39:29 [INFO] fetch_prices: [OK] VIX（恐怖指数）(^VIX) = 15.72
2026-06-05 17:39:30 [INFO] fetch_prices: [OK] VIX9D（超短期）(^VIX9D) = 12.65
2026-06-05 17:39:30 [INFO] fetch_prices: [OK] VIX3M（3ヶ月）(^VIX3M) = 19.23
2026-06-05 17:39:31 [INFO] fetch_prices: [OK] VVIX（VIXのVIX）(^VVIX) = 89.8
2026-06-05 17:39:31 [INFO] fetch_prices: [OK] SKEW（テールリスク）(^SKEW) = 142.15
2026-06-05 17:39:32 [INFO] fetch_prices: [OK] 米10年金利(^TNX) = 4.477
2026-06-05 17:39:32 [INFO] fetch_prices: [OK] ドル円(USDJPY=X) = 159.924
2026-06-05 17:39:33 [INFO] fetch_prices: [OK] ユーロドル(EURUSD=X) = 1.1641
2026-06-05 17:39:33 [INFO] fetch_prices: [OK] 米10年金利(^TNX) = 4.477
2026-06-05 17:39:34 [INFO] fetch_prices: [OK] 金(GOLD)(GC=F) = 4491.3999
2026-06-05 17:39:34 [INFO] fetch_prices: [OK] WTI原油(CL=F) = 91.86
2026-06-05 17:39:35 [INFO] fetch_prices: [OK] Bitcoin(BTC-USD) = 62512.0586
2026-06-05 17:39:36 [INFO] fetch_prices: [OK] NVIDIA(NVDA) = 218.66
2026-06-05 17:39:36 [INFO] fetch_prices: [OK] Apple(AAPL) = 311.23
2026-06-05 17:39:37 [INFO] fetch_prices: [OK] Tesla(TSLA) = 418.45
2026-06-05 17:39:37 [INFO] fetch_prices: [OK] Microsoft(MSFT) = 428.05
2026-06-05 17:39:38 [INFO] fetch_prices: [OK] Amazon(AMZN) = 253.79
2026-06-05 17:39:38 [INFO] fetch_prices: [OK] Meta(META) = 622.98
2026-06-05 17:39:39 [INFO] fetch_prices: [OK] トヨタ(7203.T) = 2850.0
2026-06-05 17:39:39 [INFO] fetch_prices: [OK] ソフトバンクG(9984.T) = 7426.0
2026-06-05 17:39:40 [INFO] fetch_prices: [OK] ソニーG(6758.T) = 3559.0
2026-06-05 17:39:40 [INFO] fetch_prices: [OK] 三菱UFJ(8306.T) = 3219.0
2026-06-05 17:39:41 [INFO] fetch_prices: [OK] アドバンテスト(6857.T) = 26765.0
2026-06-05 17:39:42 [INFO] fetch_prices: [OK] 信越化学(4063.T) = 7350.0
2026-06-05 17:39:43 [INFO] fetch_prices: [OK] CNN Fear & Greed: 55.0 (中立 😐)
2026-06-05 17:39:43 [INFO] fetch_prices: 価格データ保存: C:\Users\中田　洋介\Desktop\tousijouhou\market-ai-secretary\data\raw\2026-06-05_prices.json
2026-06-05 17:39:43 [INFO] fetch_prices: === 取得完了: 成功27件 / 失敗1件 ===
2026-06-05 17:39:43 [INFO] run_daily: --- Step 2: ニュース取得 ---
2026-06-05 17:39:43 [INFO] fetch_news: === ニュース取得開始 ===
2026-06-05 17:39:44 [INFO] fetch_news: [OK] ニュース取得 [日銀]: 5件
2026-06-05 17:39:45 [INFO] fetch_news: [OK] ニュース取得 [FRB 金融政策]: 5件
2026-06-05 17:39:47 [INFO] fetch_news: [OK] ニュース取得 [FedWatch 利上げ 確率]: 5件
2026-06-05 17:39:49 [INFO] fetch_news: [OK] ニュース取得 [site:boj.or.jp]: 5件
2026-06-05 17:39:51 [INFO] fetch_news: [OK] ニュース取得 [site:kantei.go.jp 経済]: 5件
2026-06-05 17:39:53 [INFO] fetch_news: [OK] ニュース取得 [site:mof.go.jp]: 5件
2026-06-05 17:39:55 [INFO] fetch_news: [OK] ニュース取得 [米国株]: 5件
2026-06-05 17:39:57 [INFO] fetch_news: [OK] ニュース取得 [日本株]: 5件
2026-06-05 17:39:59 [INFO] fetch_news: [OK] ニュース取得 [金利]: 5件
2026-06-05 17:40:02 [INFO] fetch_news: [OK] ニュース取得 [地政学リスク]: 5件
2026-06-05 17:40:04 [INFO] fetch_news: [OK] ニュース取得 [為替 ドル円]: 5件
2026-06-05 17:40:06 [INFO] fetch_news: [OK] ニュース取得 [OANDA 為替 レート]: 5件
2026-06-05 17:40:08 [INFO] fetch_news: [OK] ニュース取得 [半導体]: 5件
2026-06-05 17:40:10 [INFO] fetch_news: [OK] ニュース取得 [決算]: 5件
2026-06-05 17:40:12 [INFO] fetch_news: [OK] ニュース取得 [原油]: 5件
2026-06-05 17:40:14 [INFO] fetch_news: [OK] ニュース取得 [site:traders.co.jp]: 5件
2026-06-05 17:40:16 [INFO] fetch_news: [OK] ニュース取得 [site:minkabu.jp 株]: 5件
2026-06-05 17:40:19 [INFO] fetch_news: [OK] ニュース取得 [site:fx.minkabu.jp]: 5件
2026-06-05 17:40:20 [INFO] fetch_news: [OK] ニュース取得 [site:nikkei225jp.com]: 5件
2026-06-05 17:40:22 [INFO] fetch_news: [OK] ニュース取得 [帝国データバンク 倒産]: 5件
2026-06-05 17:40:24 [INFO] fetch_news: [OK] ニュース取得 [site:tdb.co.jp]: 5件
2026-06-05 17:40:25 [INFO] fetch_news: ニュース保存: C:\Users\中田　洋介\Desktop\tousijouhou\market-ai-secretary\data\news\2026-06-05_news.json (105件)
2026-06-05 17:40:25 [INFO] fetch_news: === ニュース取得完了: 105件 ===
2026-06-05 17:40:25 [INFO] run_daily: --- Step 3: 指標計算 ---
2026-06-05 17:40:25 [INFO] indicators: リスク判定: 弱気 (リスクオフ) (スコア=-2.14)
2026-06-05 17:40:25 [INFO] run_daily: --- Step 4: 分析 ---
2026-06-05 17:40:25 [INFO] analyze: === 分析開始 ===
2026-06-05 17:40:25 [INFO] analyze: === 分析完了 ===
2026-06-05 17:40:25 [INFO] run_daily: --- Step 5: matplotlibチャート生成 ---
2026-06-05 17:40:26 [INFO] visualize: === チャート生成開始 ===
2026-06-05 17:40:26 [INFO] visualize: 指数チャート保存: C:\Users\中田　洋介\Desktop\tousijouhou\market-ai-secretary\reports\charts\2026-06-05_indices.png
2026-06-05 17:40:27 [INFO] visualize: 銘柄チャート保存: C:\Users\中田　洋介\Desktop\tousijouhou\market-ai-secretary\reports\charts\2026-06-05_stocks.png
2026-06-05 17:40:27 [INFO] visualize: コモディティチャート保存: C:\Users\中田　洋介\Desktop\tousijouhou\market-ai-secretary\reports\charts\2026-06-05_commodities.png
2026-06-05 17:40:27 [INFO] visualize: Fear&Greed保存: C:\Users\中田　洋介\Desktop\tousijouhou\market-ai-secretary\reports\charts\2026-06-05_fear_greed.png
2026-06-05 17:40:27 [INFO] visualize: リスクメーター保存: C:\Users\中田　洋介\Desktop\tousijouhou\market-ai-secretary\reports\charts\2026-06-05_risk_meter.png
2026-06-05 17:40:28 [INFO] visualize: ニュースチャート保存: C:\Users\中田　洋介\Desktop\tousijouhou\market-ai-secretary\reports\charts\2026-06-05_news.png
2026-06-05 17:40:28 [INFO] visualize: === チャート生成完了: 6件 ===
2026-06-05 17:40:28 [INFO] run_daily: --- Step 6: Plotlyチャート生成 ---
2026-06-05 17:40:28 [INFO] visualize_plotly: === Plotly チャート生成開始 ===
2026-06-05 17:40:28 [INFO] visualize_plotly: [OK] indices
2026-06-05 17:40:29 [INFO] visualize_plotly: [OK] stocks
2026-06-05 17:40:29 [INFO] visualize_plotly: [OK] fear_greed
2026-06-05 17:40:29 [INFO] visualize_plotly: [OK] risk_meter
2026-06-05 17:40:29 [INFO] visualize_plotly: [OK] commodities
2026-06-05 17:40:29 [INFO] visualize_plotly: [OK] news
2026-06-05 17:40:29 [INFO] visualize_plotly: === Plotly 完了: 6件 ===
2026-06-05 17:40:29 [INFO] run_daily: --- Step 5b: テクニカル分析 ---
2026-06-05 17:40:29 [INFO] technical: === テクニカル分析開始 ===
2026-06-05 17:40:29 [INFO] technical: [OK] テクニカル: 日経平均 RSI=72.6 トレンド=中期上昇
2026-06-05 17:40:30 [INFO] technical: [OK] テクニカル: S&P500 RSI=58.5 トレンド=中期上昇
2026-06-05 17:40:30 [INFO] technical: [OK] テクニカル: NASDAQ RSI=54.3 トレンド=中期上昇
2026-06-05 17:40:31 [INFO] technical: [OK] テクニカル: ドル円 RSI=74.6 トレンド=短期上昇トレンド / 中期下落
2026-06-05 17:40:32 [INFO] technical: [OK] テクニカル: 金 RSI=43.8 トレンド=中期下落
2026-06-05 17:40:32 [INFO] technical: [OK] テクニカル: 原油 RSI=32.3 トレンド=短期下落トレンド / 中期上昇
2026-06-05 17:40:33 [INFO] technical: [OK] テクニカル: Bitcoin RSI=12.5 トレンド=短期下落トレンド / 中期上昇
2026-06-05 17:40:33 [INFO] technical: === テクニカル分析完了: 7件 → C:\Users\中田　洋介\Desktop\tousijouhou\market-ai-secretary\data\processed\2026-06-05_technical.json ===
2026-06-05 17:40:33 [INFO] run_daily: --- Step 5c: ファンダメンタル分析 ---
2026-06-05 17:40:33 [INFO] fundamental: === ファンダメンタル分析開始 ===
2026-06-05 17:40:34 [INFO] fundamental: [OK] ファンダ NVIDIA: PER=33.43425 レーティング=strong_buy
2026-06-05 17:40:34 [INFO] fundamental: [OK] ファンダ Apple: PER=37.72485 レーティング=buy
2026-06-05 17:40:35 [INFO] fundamental: [OK] ファンダ Tesla: PER=383.89908 レーティング=buy
2026-06-05 17:40:36 [INFO] fundamental: [OK] ファンダ Microsoft: PER=25.509533 レーティング=strong_buy
2026-06-05 17:40:37 [INFO] fundamental: [OK] ファンダ Amazon: PER=31.644636 レーティング=strong_buy
2026-06-05 17:40:38 [INFO] fundamental: [OK] ファンダ Meta: PER=22.82903 レーティング=strong_buy
2026-06-05 17:40:38 [INFO] fundamental: [OK] ファンダ トヨタ: PER=9.654471 レーティング=buy
2026-06-05 17:40:39 [INFO] fundamental: [OK] ファンダ SBG: PER=8.509224 レーティング=buy
2026-06-05 17:40:40 [INFO] fundamental: [OK] ファンダ ソニーG: PER=20.771566 レーティング=strong_buy
2026-06-05 17:40:41 [INFO] fundamental: [OK] ファンダ 三菱UFJ: PER=15.1610775 レーティング=buy
2026-06-05 17:40:42 [INFO] fundamental: [OK] ファンダ アドバンテスト: PER=52.205036 レーティング=buy
2026-06-05 17:40:42 [INFO] fundamental: [OK] 先物 S&P500先物: 7565.0
2026-06-05 17:40:43 [INFO] fundamental: [OK] 先物 NASDAQ先物: 30204.5
2026-06-05 17:40:43 [INFO] fundamental: [OK] 先物 ダウ先物: 51676.0
2026-06-05 17:40:44 [INFO] fundamental: [OK] 先物 金先物: 4492.2998046875
2026-06-05 17:40:45 [INFO] fundamental: [OK] 先物 原油先物: 91.91999816894531
2026-06-05 17:40:45 [INFO] fundamental: [OK] 先物 米10年債先物: 109.703125
2026-06-05 17:40:46 [INFO] fundamental: [OK] VIXオプション PCR=0.06
2026-06-05 17:40:49 [INFO] fundamental: [OK] 騰落レシオ近似: 112.8
2026-06-05 17:40:50 [INFO] fundamental: [OK] 市場統計ニュース [信用残]: 4件
2026-06-05 17:40:51 [INFO] fundamental: [OK] 市場統計ニュース [騰落レシオ]: 4件
2026-06-05 17:40:53 [INFO] fundamental: [OK] 市場統計ニュース [空売り比率]: 4件
2026-06-05 17:40:55 [INFO] fundamental: [OK] 市場統計ニュース [裁定残]: 4件
2026-06-05 17:40:56 [INFO] fundamental: [OK] 市場統計ニュース [投資主体別]: 4件
2026-06-05 17:40:58 [INFO] fundamental: [OK] 市場統計ニュース [決算情報]: 4件
2026-06-05 17:41:00 [INFO] fundamental: [OK] 市場統計ニュース [レーティング]: 4件
2026-06-05 17:41:02 [INFO] fundamental: [OK] 市場統計ニュース [経済指標]: 4件
2026-06-05 17:41:04 [INFO] fundamental: [OK] 市場統計ニュース [FOMC]: 4件
2026-06-05 17:41:06 [INFO] fundamental: [OK] 市場統計ニュース [日銀会合]: 4件
2026-06-05 17:41:08 [INFO] fundamental: [OK] 市場統計ニュース [先物/オプション]: 4件
2026-06-05 17:41:09 [INFO] fundamental: [OK] 市場統計ニュース [バリュエーション]: 4件
2026-06-05 17:41:20 [INFO] fundamental: [OK] 経済カレンダーニュース: 18件
2026-06-05 17:41:20 [INFO] fundamental: === ファンダ分析完了・保存: C:\Users\中田　洋介\Desktop\tousijouhou\market-ai-secretary\data\processed\2026-06-05_fundamental.json ===
2026-06-05 17:41:20 [INFO] run_daily: --- Step 6b: 追加ニュース・Polymarket取得 ---
2026-06-05 17:41:20 [INFO] fetch_extra_news: === 追加ニュース・Polymarket 取得開始 ===
2026-06-05 17:41:20 [INFO] fetch_extra_news: [OK] NHK 経済: 6件
2026-06-05 17:41:21 [INFO] fetch_extra_news: [OK] NHK トップ: 5件
2026-06-05 17:41:22 [INFO] fetch_extra_news: [OK] Yahoo! ファイナンス: 6件
2026-06-05 17:41:23 [INFO] fetch_extra_news: [OK] 東洋経済: 5件
2026-06-05 17:41:24 [INFO] fetch_extra_news: [OK] MarketWatch: 5件
2026-06-05 17:41:25 [INFO] fetch_extra_news: [OK] FXStreet（FX専門）: 5件
2026-06-05 17:41:27 [INFO] fetch_extra_news: [OK] Investing.com: 5件
2026-06-05 17:41:28 [INFO] fetch_extra_news: [OK] Yahoo Finance: 5件
2026-06-05 17:41:30 [INFO] fetch_extra_news: [OK] 日銀公式: 5件
2026-06-05 17:41:32 [INFO] fetch_extra_news: [OK] 首相官邸: 4件
2026-06-05 17:41:33 [INFO] fetch_extra_news: [OK] 財務省: 4件
2026-06-05 17:41:35 [INFO] fetch_extra_news: [OK] トレーダーズウェブ: 5件
2026-06-05 17:41:37 [INFO] fetch_extra_news: [OK] トレーダーズウェブFX: 4件
2026-06-05 17:41:39 [INFO] fetch_extra_news: [OK] みんかぶ: 5件
2026-06-05 17:41:41 [INFO] fetch_extra_news: [OK] みんかぶFX: 4件
2026-06-05 17:41:42 [INFO] fetch_extra_news: [OK] 日経225専門: 4件
2026-06-05 17:41:44 [INFO] fetch_extra_news: [OK] OANDA為替: 4件
2026-06-05 17:41:46 [INFO] fetch_extra_news: [OK] 帝国データバンク: 4件
2026-06-05 17:41:47 [INFO] fetch_extra_news: [OK] FedWatch利上げ確率: 4件
2026-06-05 17:41:49 [INFO] fetch_extra_news: [OK] PayPay証券: 3件
2026-06-05 17:41:51 [INFO] fetch_extra_news: [OK] Polymarket: 3件（金融・経済関連）
2026-06-05 17:41:51 [INFO] fetch_extra_news: 追加ニュース保存: 92件 / Polymarket: 3件
2026-06-05 17:41:51 [INFO] fetch_extra_news: === 完了: ニュース92件 / Polymarket3件 ===
2026-06-05 17:41:51 [INFO] run_daily: --- Step 7: Ollama AI要約（カテゴリ別） ---
2026-06-05 17:41:55 [INFO] ai_summary: Ollama AI要約開始: モデル=qwen2.5:3b
2026-06-05 17:41:55 [INFO] ai_summary: AI要約生成中: 🏦 日銀・日本政府（25件）
2026-06-05 17:41:59 [INFO] ai_summary: AI要約生成中: 🇺🇸 FRB・米国金融政策（12件）
2026-06-05 17:42:02 [INFO] ai_summary: AI要約生成中: 📈 米国株市場（24件）
2026-06-05 17:42:05 [INFO] ai_summary: AI要約生成中: 🗾 日本株市場（21件）
2026-06-05 17:42:09 [INFO] ai_summary: AI要約生成中: 💱 為替・FX（21件）
2026-06-05 17:42:13 [INFO] ai_summary: AI要約生成中: 🌍 地政学リスク（4件）
2026-06-05 17:42:20 [INFO] ai_summary: 市場全体コメント生成完了
2026-06-05 17:42:20 [INFO] ai_summary: AI要約完了: 6カテゴリ
2026-06-05 17:42:20 [INFO] run_daily: AI要約保存: C:\Users\中田　洋介\Desktop\tousijouhou\market-ai-secretary\data\raw\2026-06-05_ai_morning.json
2026-06-05 17:42:20 [INFO] run_daily: --- Step 8: レポート生成 ---
2026-06-05 17:42:20 [INFO] report_writer: レポート保存: C:\Users\中田　洋介\Desktop\tousijouhou\market-ai-secretary\reports\2026-06-05_morning.html
2026-06-05 17:42:20 [INFO] run_daily: HTML: C:\Users\中田　洋介\Desktop\tousijouhou\market-ai-secretary\reports\2026-06-05_morning.html
2026-06-05 17:42:20 [INFO] run_daily: --- Step 9: Telegram通知 ---
2026-06-05 17:42:20 [INFO] notify_telegram: Telegram 設定なし。通知をスキップします。レポートはローカルに保存済みです。
2026-06-05 17:42:20 [INFO] run_daily: ====== 完了 [mode=morning] ======
2026-06-05 17:47:27 [INFO] run_daily: ====== Market AI Secretary 開始 [mode=test] ======
2026-06-05 17:47:27 [INFO] run_daily: 実行時刻(JST): 2026-06-05 17:47:27
2026-06-05 17:47:27 [INFO] run_daily: --- Step 1: 価格データ取得 ---
2026-06-05 17:47:29 [INFO] fetch_prices: === 価格データ取得開始 ===
2026-06-05 17:47:30 [INFO] fetch_prices: [OK] 日経平均(^N225) = 66588.1172
2026-06-05 17:47:30 [ERROR] fetch_prices: [FAIL] TOPIX(^TOPX): 全ソースで取得失敗
2026-06-05 17:47:31 [INFO] fetch_prices: [OK] S&P500(^GSPC) = 7584.3101
2026-06-05 17:47:31 [INFO] fetch_prices: [OK] NASDAQ(^IXIC) = 26830.9609
2026-06-05 17:47:32 [INFO] fetch_prices: [OK] ダウ(^DJI) = 51561.9297
2026-06-05 17:47:32 [INFO] fetch_prices: [OK] VIX（恐怖指数）(^VIX) = 15.68
2026-06-05 17:47:33 [INFO] fetch_prices: [OK] VIX9D（超短期）(^VIX9D) = 12.65
2026-06-05 17:47:33 [INFO] fetch_prices: [OK] VIX3M（3ヶ月）(^VIX3M) = 19.23
2026-06-05 17:47:34 [INFO] fetch_prices: [OK] VVIX（VIXのVIX）(^VVIX) = 89.8
2026-06-05 17:47:34 [INFO] fetch_prices: [OK] SKEW（テールリスク）(^SKEW) = 142.15
2026-06-05 17:47:35 [INFO] fetch_prices: [OK] 米10年金利(^TNX) = 4.477
2026-06-05 17:47:36 [INFO] fetch_prices: [OK] ドル円(USDJPY=X) = 159.928
2026-06-05 17:47:36 [INFO] fetch_prices: [OK] ユーロドル(EURUSD=X) = 1.1641
2026-06-05 17:47:37 [INFO] fetch_prices: [OK] 米10年金利(^TNX) = 4.477
2026-06-05 17:47:37 [INFO] fetch_prices: [OK] 金(GOLD)(GC=F) = 4490.3999
2026-06-05 17:47:38 [INFO] fetch_prices: [OK] WTI原油(CL=F) = 91.93
2026-06-05 17:47:38 [INFO] fetch_prices: [OK] Bitcoin(BTC-USD) = 62456.9688
2026-06-05 17:47:39 [INFO] fetch_prices: [OK] NVIDIA(NVDA) = 218.66
2026-06-05 17:47:39 [INFO] fetch_prices: [OK] Apple(AAPL) = 311.23
2026-06-05 17:47:40 [INFO] fetch_prices: [OK] Tesla(TSLA) = 418.45
2026-06-05 17:47:40 [INFO] fetch_prices: [OK] Microsoft(MSFT) = 428.05
2026-06-05 17:47:41 [INFO] fetch_prices: [OK] Amazon(AMZN) = 253.79
2026-06-05 17:47:41 [INFO] fetch_prices: [OK] Meta(META) = 622.98
2026-06-05 17:47:42 [INFO] fetch_prices: [OK] トヨタ(7203.T) = 2850.0
2026-06-05 17:47:43 [INFO] fetch_prices: [OK] ソフトバンクG(9984.T) = 7426.0
2026-06-05 17:47:43 [INFO] fetch_prices: [OK] ソニーG(6758.T) = 3559.0
2026-06-05 17:47:44 [INFO] fetch_prices: [OK] 三菱UFJ(8306.T) = 3219.0
2026-06-05 17:47:44 [INFO] fetch_prices: [OK] アドバンテスト(6857.T) = 26765.0
2026-06-05 17:47:45 [INFO] fetch_prices: [OK] 信越化学(4063.T) = 7350.0
2026-06-05 17:47:46 [INFO] fetch_prices: [OK] CNN Fear & Greed: 55.0 (中立 😐)
2026-06-05 17:47:46 [INFO] fetch_prices: 価格データ保存: C:\Users\中田　洋介\Desktop\tousijouhou\market-ai-secretary\data\raw\2026-06-05_prices.json
2026-06-05 17:47:46 [INFO] fetch_prices: === 取得完了: 成功27件 / 失敗1件 ===
2026-06-05 17:47:46 [INFO] run_daily: --- Step 2: ニュース取得 ---
2026-06-05 17:47:46 [INFO] fetch_news: === ニュース取得開始 ===
2026-06-05 17:47:47 [INFO] fetch_news: [OK] ニュース取得 [トランプ 発言 政策]: 5件
2026-06-05 17:47:49 [INFO] fetch_news: [OK] ニュース取得 [トランプ 関税 貿易]: 5件
2026-06-05 17:47:51 [INFO] fetch_news: [OK] ニュース取得 [Trump tariff economy]: 5件
2026-06-05 17:47:53 [INFO] fetch_news: [OK] ニュース取得 [トランプ 大統領 経済]: 5件
2026-06-05 17:47:54 [INFO] fetch_news: [OK] ニュース取得 [日銀]: 5件
2026-06-05 17:47:56 [INFO] fetch_news: [OK] ニュース取得 [FRB 金融政策]: 5件
2026-06-05 17:47:58 [INFO] fetch_news: [OK] ニュース取得 [FedWatch 利上げ 確率]: 5件
2026-06-05 17:48:00 [INFO] fetch_news: [OK] ニュース取得 [site:boj.or.jp]: 5件
2026-06-05 17:48:02 [INFO] fetch_news: [OK] ニュース取得 [site:kantei.go.jp 経済]: 5件
2026-06-05 17:48:04 [INFO] fetch_news: [OK] ニュース取得 [site:mof.go.jp]: 5件
2026-06-05 17:48:05 [INFO] fetch_news: [OK] ニュース取得 [米国株]: 5件
2026-06-05 17:48:08 [INFO] fetch_news: [OK] ニュース取得 [日本株]: 5件
2026-06-05 17:48:10 [INFO] fetch_news: [OK] ニュース取得 [金利]: 5件
2026-06-05 17:48:12 [INFO] fetch_news: [OK] ニュース取得 [地政学リスク]: 5件
2026-06-05 17:48:14 [INFO] fetch_news: [OK] ニュース取得 [為替 ドル円]: 5件
2026-06-05 17:48:16 [INFO] fetch_news: [OK] ニュース取得 [OANDA 為替 レート]: 5件
2026-06-05 17:48:17 [INFO] fetch_news: [OK] ニュース取得 [半導体]: 5件
2026-06-05 17:48:20 [INFO] fetch_news: [OK] ニュース取得 [決算]: 5件
2026-06-05 17:48:21 [INFO] fetch_news: [OK] ニュース取得 [原油]: 5件
2026-06-05 17:48:23 [INFO] fetch_news: [OK] ニュース取得 [site:traders.co.jp]: 5件
2026-06-05 17:48:25 [INFO] fetch_news: [OK] ニュース取得 [site:minkabu.jp 株]: 5件
2026-06-05 17:48:27 [INFO] fetch_news: [OK] ニュース取得 [site:fx.minkabu.jp]: 5件
2026-06-05 17:48:29 [INFO] fetch_news: [OK] ニュース取得 [site:nikkei225jp.com]: 5件
2026-06-05 17:48:31 [INFO] fetch_news: [OK] ニュース取得 [帝国データバンク 倒産]: 5件
2026-06-05 17:48:33 [INFO] fetch_news: [OK] ニュース取得 [site:tdb.co.jp]: 5件
2026-06-05 17:48:34 [INFO] fetch_news: ニュース保存: C:\Users\中田　洋介\Desktop\tousijouhou\market-ai-secretary\data\news\2026-06-05_news.json (125件)
2026-06-05 17:48:34 [INFO] fetch_news: === ニュース取得完了: 125件 ===
2026-06-05 17:48:34 [INFO] run_daily: --- Step 3: 指標計算 ---
2026-06-05 17:48:34 [INFO] indicators: リスク判定: 弱気 (リスクオフ) (スコア=-2.00)
2026-06-05 17:48:34 [INFO] run_daily: --- Step 4: 分析 ---
2026-06-05 17:48:34 [INFO] analyze: === 分析開始 ===
2026-06-05 17:48:34 [INFO] analyze: === 分析完了 ===
2026-06-05 17:48:34 [INFO] run_daily: --- Step 5: matplotlibチャート生成 ---
2026-06-05 17:48:35 [INFO] visualize: === チャート生成開始 ===
2026-06-05 17:48:35 [INFO] visualize: 指数チャート保存: C:\Users\中田　洋介\Desktop\tousijouhou\market-ai-secretary\reports\charts\2026-06-05_indices.png
2026-06-05 17:48:36 [INFO] visualize: 銘柄チャート保存: C:\Users\中田　洋介\Desktop\tousijouhou\market-ai-secretary\reports\charts\2026-06-05_stocks.png
2026-06-05 17:48:36 [INFO] visualize: コモディティチャート保存: C:\Users\中田　洋介\Desktop\tousijouhou\market-ai-secretary\reports\charts\2026-06-05_commodities.png
2026-06-05 17:48:36 [INFO] visualize: Fear&Greed保存: C:\Users\中田　洋介\Desktop\tousijouhou\market-ai-secretary\reports\charts\2026-06-05_fear_greed.png
2026-06-05 17:48:36 [INFO] visualize: リスクメーター保存: C:\Users\中田　洋介\Desktop\tousijouhou\market-ai-secretary\reports\charts\2026-06-05_risk_meter.png
2026-06-05 17:48:37 [INFO] visualize: ニュースチャート保存: C:\Users\中田　洋介\Desktop\tousijouhou\market-ai-secretary\reports\charts\2026-06-05_news.png
2026-06-05 17:48:37 [INFO] visualize: === チャート生成完了: 6件 ===
2026-06-05 17:48:37 [INFO] run_daily: --- Step 6: Plotlyチャート生成 ---
2026-06-05 17:48:37 [INFO] visualize_plotly: === Plotly チャート生成開始 ===
2026-06-05 17:48:37 [INFO] visualize_plotly: [OK] indices
2026-06-05 17:48:37 [INFO] visualize_plotly: [OK] stocks
2026-06-05 17:48:38 [INFO] visualize_plotly: [OK] fear_greed
2026-06-05 17:48:38 [INFO] visualize_plotly: [OK] risk_meter
2026-06-05 17:48:38 [INFO] visualize_plotly: [OK] commodities
2026-06-05 17:48:38 [INFO] visualize_plotly: [OK] news
2026-06-05 17:48:38 [INFO] visualize_plotly: === Plotly 完了: 6件 ===
2026-06-05 17:48:38 [INFO] run_daily: --- Step 5b: テクニカル分析 ---
2026-06-05 17:48:38 [INFO] technical: === テクニカル分析開始 ===
2026-06-05 17:48:38 [INFO] technical: [OK] テクニカル: 日経平均 RSI=72.6 トレンド=中期上昇
2026-06-05 17:48:38 [INFO] technical: [OK] テクニカル: S&P500 RSI=58.5 トレンド=中期上昇
2026-06-05 17:48:39 [INFO] technical: [OK] テクニカル: NASDAQ RSI=54.3 トレンド=中期上昇
2026-06-05 17:48:40 [INFO] technical: [OK] テクニカル: ドル円 RSI=74.9 トレンド=短期上昇トレンド / 中期下落
2026-06-05 17:48:40 [INFO] technical: [OK] テクニカル: 金 RSI=43.3 トレンド=中期下落
2026-06-05 17:48:41 [INFO] technical: [OK] テクニカル: 原油 RSI=32.4 トレンド=短期下落トレンド / 中期上昇
2026-06-05 17:48:42 [INFO] technical: [OK] テクニカル: Bitcoin RSI=12.6 トレンド=短期下落トレンド / 中期上昇
2026-06-05 17:48:42 [INFO] technical: === テクニカル分析完了: 7件 → C:\Users\中田　洋介\Desktop\tousijouhou\market-ai-secretary\data\processed\2026-06-05_technical.json ===
2026-06-05 17:48:42 [INFO] run_daily: --- Step 5c: ファンダメンタル分析 ---
2026-06-05 17:48:42 [INFO] fundamental: === ファンダメンタル分析開始 ===
2026-06-05 17:48:43 [INFO] fundamental: [OK] ファンダ NVIDIA: PER=33.43425 レーティング=strong_buy
2026-06-05 17:48:43 [INFO] fundamental: [OK] ファンダ Apple: PER=37.72485 レーティング=buy
2026-06-05 17:48:44 [INFO] fundamental: [OK] ファンダ Tesla: PER=383.89908 レーティング=buy
2026-06-05 17:48:45 [INFO] fundamental: [OK] ファンダ Microsoft: PER=25.509533 レーティング=strong_buy
2026-06-05 17:48:46 [INFO] fundamental: [OK] ファンダ Amazon: PER=31.644636 レーティング=strong_buy
2026-06-05 17:48:47 [INFO] fundamental: [OK] ファンダ Meta: PER=22.82903 レーティング=strong_buy
2026-06-05 17:48:48 [INFO] fundamental: [OK] ファンダ トヨタ: PER=9.654471 レーティング=buy
2026-06-05 17:48:48 [INFO] fundamental: [OK] ファンダ SBG: PER=8.509224 レーティング=buy
2026-06-05 17:48:49 [INFO] fundamental: [OK] ファンダ ソニーG: PER=20.771566 レーティング=strong_buy
2026-06-05 17:48:50 [INFO] fundamental: [OK] ファンダ 三菱UFJ: PER=15.1610775 レーティング=buy
2026-06-05 17:48:51 [INFO] fundamental: [OK] ファンダ アドバンテスト: PER=52.205036 レーティング=buy
2026-06-05 17:48:51 [INFO] fundamental: [OK] 先物 S&P500先物: 7566.5
2026-06-05 17:48:52 [INFO] fundamental: [OK] 先物 NASDAQ先物: 30208.0
2026-06-05 17:48:52 [INFO] fundamental: [OK] 先物 ダウ先物: 51690.0
2026-06-05 17:48:53 [INFO] fundamental: [OK] 先物 金先物: 4488.7998046875
2026-06-05 17:48:53 [INFO] fundamental: [OK] 先物 原油先物: 92.08000183105469
2026-06-05 17:48:54 [INFO] fundamental: [OK] 先物 米10年債先物: 109.6875
2026-06-05 17:48:55 [INFO] fundamental: [OK] VIXオプション PCR=0.06
2026-06-05 17:48:58 [INFO] fundamental: [OK] 騰落レシオ近似: 112.8
2026-06-05 17:48:59 [INFO] fundamental: [OK] 市場統計ニュース [信用残]: 4件
2026-06-05 17:49:01 [INFO] fundamental: [OK] 市場統計ニュース [騰落レシオ]: 4件
2026-06-05 17:49:03 [INFO] fundamental: [OK] 市場統計ニュース [空売り比率]: 4件
2026-06-05 17:49:05 [INFO] fundamental: [OK] 市場統計ニュース [裁定残]: 4件
2026-06-05 17:49:07 [INFO] fundamental: [OK] 市場統計ニュース [投資主体別]: 4件
2026-06-05 17:49:09 [INFO] fundamental: [OK] 市場統計ニュース [決算情報]: 4件
2026-06-05 17:49:11 [INFO] fundamental: [OK] 市場統計ニュース [レーティング]: 4件
2026-06-05 17:49:12 [INFO] fundamental: [OK] 市場統計ニュース [経済指標]: 4件
2026-06-05 17:49:14 [INFO] fundamental: [OK] 市場統計ニュース [FOMC]: 4件
2026-06-05 17:49:17 [INFO] fundamental: [OK] 市場統計ニュース [日銀会合]: 4件
2026-06-05 17:49:19 [INFO] fundamental: [OK] 市場統計ニュース [先物/オプション]: 4件
2026-06-05 17:49:21 [INFO] fundamental: [OK] 市場統計ニュース [バリュエーション]: 4件
2026-06-05 17:49:32 [INFO] fundamental: [OK] 経済カレンダーニュース: 18件
2026-06-05 17:49:32 [INFO] fundamental: === ファンダ分析完了・保存: C:\Users\中田　洋介\Desktop\tousijouhou\market-ai-secretary\data\processed\2026-06-05_fundamental.json ===
2026-06-05 17:49:32 [INFO] run_daily: --- Step 6b: 追加ニュース・Polymarket取得 ---
2026-06-05 17:49:32 [INFO] fetch_extra_news: === 追加ニュース・Polymarket 取得開始 ===
2026-06-05 17:49:34 [INFO] fetch_extra_news: [OK] NHK 経済: 6件
2026-06-05 17:49:35 [INFO] fetch_extra_news: [OK] NHK トップ: 5件
2026-06-05 17:49:36 [INFO] fetch_extra_news: [OK] Yahoo! ファイナンス: 6件
2026-06-05 17:49:37 [INFO] fetch_extra_news: [OK] 東洋経済: 5件
2026-06-05 17:49:39 [INFO] fetch_extra_news: [OK] MarketWatch: 5件
2026-06-05 17:49:40 [INFO] fetch_extra_news: [OK] FXStreet（FX専門）: 5件
2026-06-05 17:49:41 [INFO] fetch_extra_news: [OK] Investing.com: 5件
2026-06-05 17:49:44 [INFO] fetch_extra_news: [OK] Yahoo Finance: 5件
2026-06-05 17:49:45 [INFO] fetch_extra_news: [OK] 日銀公式: 5件
2026-06-05 17:49:47 [INFO] fetch_extra_news: [OK] 首相官邸: 4件
2026-06-05 17:49:48 [INFO] fetch_extra_news: [OK] 財務省: 4件
2026-06-05 17:49:49 [INFO] fetch_extra_news: [OK] トレーダーズウェブ: 5件
2026-06-05 17:49:52 [INFO] fetch_extra_news: [OK] トレーダーズウェブFX: 4件
2026-06-05 17:49:53 [INFO] fetch_extra_news: [OK] みんかぶ: 5件
2026-06-05 17:49:54 [INFO] fetch_extra_news: [OK] みんかぶFX: 4件
2026-06-05 17:49:55 [INFO] fetch_extra_news: [OK] 日経225専門: 4件
2026-06-05 17:49:57 [INFO] fetch_extra_news: [OK] OANDA為替: 4件
2026-06-05 17:49:59 [INFO] fetch_extra_news: [OK] 帝国データバンク: 4件
2026-06-05 17:50:00 [INFO] fetch_extra_news: [OK] FedWatch利上げ確率: 4件
2026-06-05 17:50:02 [INFO] fetch_extra_news: [OK] PayPay証券: 3件
2026-06-05 17:50:04 [INFO] fetch_extra_news: [OK] Polymarket: 3件（金融・経済関連）
2026-06-05 17:50:04 [INFO] fetch_extra_news: 追加ニュース保存: 92件 / Polymarket: 3件
2026-06-05 17:50:04 [INFO] fetch_extra_news: === 完了: ニュース92件 / Polymarket3件 ===
2026-06-05 17:50:04 [INFO] run_daily: --- Step 7: Ollama AI要約（カテゴリ別） ---
2026-06-05 17:50:08 [INFO] ai_summary: Ollama AI要約開始: モデル=qwen2.5:3b
2026-06-05 17:50:08 [INFO] ai_summary: AI要約生成中: 🏦 日銀・日本政府（26件）
2026-06-05 17:50:15 [INFO] ai_summary: AI要約生成中: 🇺🇸 FRB・米国金融政策（13件）
2026-06-05 17:50:19 [INFO] ai_summary: AI要約生成中: 📈 米国株市場（23件）
2026-06-05 17:50:23 [INFO] ai_summary: AI要約生成中: 🗾 日本株市場（20件）
2026-06-05 17:50:26 [INFO] ai_summary: AI要約生成中: 💱 為替・FX（20件）
2026-06-05 17:50:30 [INFO] ai_summary: AI要約生成中: 🌍 地政学リスク（13件）
2026-06-05 17:50:37 [INFO] ai_summary: 市場全体コメント生成完了
2026-06-05 17:50:37 [INFO] ai_summary: AI要約完了: 6カテゴリ
2026-06-05 17:50:37 [INFO] run_daily: AI要約保存: C:\Users\中田　洋介\Desktop\tousijouhou\market-ai-secretary\data\raw\2026-06-05_ai_test.json
2026-06-05 17:50:37 [INFO] run_daily: --- Step 8: レポート生成 ---
2026-06-05 17:50:37 [INFO] report_writer: レポート保存: C:\Users\中田　洋介\Desktop\tousijouhou\market-ai-secretary\reports\2026-06-05_test.html
2026-06-05 17:50:37 [INFO] run_daily: HTML: C:\Users\中田　洋介\Desktop\tousijouhou\market-ai-secretary\reports\2026-06-05_test.html
2026-06-05 17:50:37 [INFO] run_daily: --- Step 9: Telegram通知 ---
2026-06-05 17:50:37 [INFO] notify_telegram: Telegram 設定なし。通知をスキップします。レポートはローカルに保存済みです。
2026-06-05 17:50:37 [INFO] run_daily: --- Step 10: iPhone通知（ntfy.sh） ---
2026-06-05 17:50:37 [INFO] notify_iphone: ntfy.sh未設定。スキップします。
2026-06-05 17:50:37 [INFO] run_daily: ====== 完了 [mode=test] ======
2026-06-05 17:58:24 [INFO] run_daily: ====== Market AI Secretary 開始 [mode=morning] ======
2026-06-05 17:58:24 [INFO] run_daily: 実行時刻(JST): 2026-06-05 17:58:24
2026-06-05 17:58:24 [INFO] run_daily: --- Step 1: 価格データ取得 ---
2026-06-05 17:58:25 [INFO] fetch_prices: === 価格データ取得開始 ===
2026-06-05 17:58:27 [INFO] fetch_prices: [OK] 日経平均(^N225) = 66588.1172
2026-06-05 17:58:27 [ERROR] fetch_prices: [FAIL] TOPIX(^TOPX): 全ソースで取得失敗
2026-06-05 17:58:28 [INFO] fetch_prices: [OK] S&P500(^GSPC) = 7584.3101
2026-06-05 17:58:28 [INFO] fetch_prices: [OK] NASDAQ(^IXIC) = 26830.9609
2026-06-05 17:58:28 [INFO] run_daily: ====== Market AI Secretary 開始 [mode=morning] ======
2026-06-05 17:58:28 [INFO] run_daily: 実行時刻(JST): 2026-06-05 17:58:28
2026-06-05 17:58:28 [INFO] run_daily: --- Step 1: 価格データ取得 ---
2026-06-05 17:58:29 [INFO] fetch_prices: [OK] ダウ(^DJI) = 51561.9297
2026-06-05 17:58:29 [INFO] fetch_prices: [OK] VIX（恐怖指数）(^VIX) = 15.7
2026-06-05 17:58:30 [INFO] fetch_prices: === 価格データ取得開始 ===
2026-06-05 17:58:30 [INFO] fetch_prices: [OK] VIX9D（超短期）(^VIX9D) = 12.65
2026-06-05 17:58:30 [INFO] fetch_prices: [OK] VIX3M（3ヶ月）(^VIX3M) = 19.23
2026-06-05 17:58:31 [INFO] fetch_prices: [OK] VVIX（VIXのVIX）(^VVIX) = 89.8
2026-06-05 17:58:31 [INFO] fetch_prices: [OK] 日経平均(^N225) = 66588.1172
2026-06-05 17:58:31 [INFO] fetch_prices: [OK] SKEW（テールリスク）(^SKEW) = 142.15
2026-06-05 17:58:32 [ERROR] fetch_prices: [FAIL] TOPIX(^TOPX): 全ソースで取得失敗
2026-06-05 17:58:32 [INFO] fetch_prices: [OK] 米10年金利(^TNX) = 4.477
2026-06-05 17:58:32 [INFO] fetch_prices: [OK] S&P500(^GSPC) = 7584.3101
2026-06-05 17:58:32 [INFO] fetch_prices: [OK] ドル円(USDJPY=X) = 159.94
2026-06-05 17:58:33 [INFO] fetch_prices: [OK] NASDAQ(^IXIC) = 26830.9609
2026-06-05 17:58:33 [INFO] fetch_prices: [OK] ユーロドル(EURUSD=X) = 1.1641
2026-06-05 17:58:33 [INFO] fetch_prices: [OK] ダウ(^DJI) = 51561.9297
2026-06-05 17:58:33 [INFO] fetch_prices: [OK] 米10年金利(^TNX) = 4.477
2026-06-05 17:58:34 [INFO] fetch_prices: [OK] VIX（恐怖指数）(^VIX) = 15.7
2026-06-05 17:58:34 [INFO] fetch_prices: [OK] 金(GOLD)(GC=F) = 4490.0
2026-06-05 17:58:34 [INFO] fetch_prices: [OK] VIX9D（超短期）(^VIX9D) = 12.65
2026-06-05 17:58:34 [INFO] fetch_prices: [OK] WTI原油(CL=F) = 92.32
2026-06-05 17:58:35 [INFO] fetch_prices: [OK] VIX3M（3ヶ月）(^VIX3M) = 19.23
2026-06-05 17:58:35 [INFO] fetch_prices: [OK] Bitcoin(BTC-USD) = 62379.0898
2026-06-05 17:58:35 [INFO] fetch_prices: [OK] VVIX（VIXのVIX）(^VVIX) = 89.8
2026-06-05 17:58:36 [INFO] fetch_prices: [OK] NVIDIA(NVDA) = 218.66
2026-06-05 17:58:36 [INFO] fetch_prices: [OK] SKEW（テールリスク）(^SKEW) = 142.15
2026-06-05 17:58:36 [INFO] fetch_prices: [OK] Apple(AAPL) = 311.23
2026-06-05 17:58:36 [INFO] fetch_prices: [OK] 米10年金利(^TNX) = 4.477
2026-06-05 17:58:37 [INFO] fetch_prices: [OK] Tesla(TSLA) = 418.45
2026-06-05 17:58:37 [INFO] fetch_prices: [OK] ドル円(USDJPY=X) = 159.94
2026-06-05 17:58:37 [INFO] fetch_prices: [OK] Microsoft(MSFT) = 428.05
2026-06-05 17:58:38 [INFO] fetch_prices: [OK] ユーロドル(EURUSD=X) = 1.1641
2026-06-05 17:58:38 [INFO] fetch_prices: [OK] Amazon(AMZN) = 253.79
2026-06-05 17:58:38 [INFO] fetch_prices: [OK] 米10年金利(^TNX) = 4.477
2026-06-05 17:58:38 [INFO] fetch_prices: [OK] Meta(META) = 622.98
2026-06-05 17:58:38 [INFO] fetch_prices: [OK] 金(GOLD)(GC=F) = 4490.0
2026-06-05 17:58:39 [INFO] fetch_prices: [OK] トヨタ(7203.T) = 2850.0
2026-06-05 17:58:39 [INFO] fetch_prices: [OK] WTI原油(CL=F) = 92.33
2026-06-05 17:58:39 [INFO] fetch_prices: [OK] ソフトバンクG(9984.T) = 7426.0
2026-06-05 17:58:39 [INFO] fetch_prices: [OK] Bitcoin(BTC-USD) = 62379.6602
2026-06-05 17:58:40 [INFO] fetch_prices: [OK] ソニーG(6758.T) = 3559.0
2026-06-05 17:58:40 [INFO] fetch_prices: [OK] NVIDIA(NVDA) = 218.66
2026-06-05 17:58:40 [INFO] fetch_prices: [OK] 三菱UFJ(8306.T) = 3219.0
2026-06-05 17:58:41 [INFO] fetch_prices: [OK] Apple(AAPL) = 311.23
2026-06-05 17:58:41 [INFO] fetch_prices: [OK] アドバンテスト(6857.T) = 26765.0
2026-06-05 17:58:41 [INFO] fetch_prices: [OK] Tesla(TSLA) = 418.45
2026-06-05 17:58:42 [INFO] fetch_prices: [OK] 信越化学(4063.T) = 7350.0
2026-06-05 17:58:42 [INFO] fetch_prices: [OK] Microsoft(MSFT) = 428.05
2026-06-05 17:58:42 [INFO] fetch_prices: [OK] Amazon(AMZN) = 253.79
2026-06-05 17:58:43 [INFO] fetch_prices: [OK] CNN Fear & Greed: 55.0 (中立 😐)
2026-06-05 17:58:43 [INFO] fetch_prices: 価格データ保存: C:\Users\中田　洋介\Desktop\tousijouhou\market-ai-secretary\data\raw\2026-06-05_prices.json
2026-06-05 17:58:43 [INFO] fetch_prices: === 取得完了: 成功27件 / 失敗1件 ===
2026-06-05 17:58:43 [INFO] run_daily: --- Step 2: ニュース取得 ---
2026-06-05 17:58:43 [INFO] fetch_news: === ニュース取得開始 ===
2026-06-05 17:58:43 [INFO] fetch_prices: [OK] Meta(META) = 622.98
2026-06-05 17:58:43 [INFO] fetch_prices: [OK] トヨタ(7203.T) = 2850.0
2026-06-05 17:58:43 [INFO] fetch_news: [OK] ニュース取得 [トランプ 発言 政策]: 5件
2026-06-05 17:58:44 [INFO] fetch_prices: [OK] ソフトバンクG(9984.T) = 7426.0
2026-06-05 17:58:45 [INFO] fetch_prices: [OK] ソニーG(6758.T) = 3559.0
2026-06-05 17:58:45 [INFO] fetch_prices: [OK] 三菱UFJ(8306.T) = 3219.0
2026-06-05 17:58:46 [INFO] fetch_prices: [OK] アドバンテスト(6857.T) = 26765.0
2026-06-05 17:58:46 [INFO] fetch_news: [OK] ニュース取得 [トランプ 関税 貿易]: 5件
2026-06-05 17:58:46 [INFO] fetch_prices: [OK] 信越化学(4063.T) = 7350.0
2026-06-05 17:58:47 [INFO] fetch_prices: [OK] CNN Fear & Greed: 55.0 (中立 😐)
2026-06-05 17:58:47 [INFO] fetch_prices: 価格データ保存: C:\Users\中田　洋介\Desktop\tousijouhou\market-ai-secretary\data\raw\2026-06-05_prices.json
2026-06-05 17:58:47 [INFO] fetch_prices: === 取得完了: 成功27件 / 失敗1件 ===
2026-06-05 17:58:47 [INFO] run_daily: --- Step 2: ニュース取得 ---
2026-06-05 17:58:47 [INFO] fetch_news: === ニュース取得開始 ===
2026-06-05 17:58:47 [INFO] fetch_news: [OK] ニュース取得 [トランプ 発言 政策]: 5件
2026-06-05 17:58:48 [INFO] fetch_news: [OK] ニュース取得 [Trump tariff economy]: 5件
2026-06-05 17:58:49 [INFO] fetch_news: [OK] ニュース取得 [トランプ 関税 貿易]: 5件
2026-06-05 17:58:50 [INFO] fetch_news: [OK] ニュース取得 [トランプ 大統領 経済]: 5件
2026-06-05 17:58:50 [INFO] fetch_news: [OK] ニュース取得 [Trump tariff economy]: 5件
2026-06-05 17:58:51 [INFO] fetch_news: [OK] ニュース取得 [トランプ 大統領 経済]: 5件
2026-06-05 17:58:52 [INFO] fetch_news: [OK] ニュース取得 [日銀]: 5件
2026-06-05 17:58:52 [INFO] fetch_news: [OK] ニュース取得 [日銀]: 5件
2026-06-05 17:58:54 [INFO] fetch_news: [OK] ニュース取得 [FRB 金融政策]: 5件
2026-06-05 17:58:54 [INFO] fetch_news: [OK] ニュース取得 [FRB 金融政策]: 5件
2026-06-05 17:58:56 [INFO] fetch_news: [OK] ニュース取得 [FedWatch 利上げ 確率]: 5件
2026-06-05 17:58:56 [INFO] fetch_news: [OK] ニュース取得 [FedWatch 利上げ 確率]: 5件
2026-06-05 17:58:58 [INFO] fetch_news: [OK] ニュース取得 [site:boj.or.jp]: 5件
2026-06-05 17:58:58 [INFO] fetch_news: [OK] ニュース取得 [site:boj.or.jp]: 5件
2026-06-05 17:59:00 [INFO] fetch_news: [OK] ニュース取得 [site:kantei.go.jp 経済]: 5件
2026-06-05 17:59:00 [INFO] fetch_news: [OK] ニュース取得 [site:kantei.go.jp 経済]: 5件
2026-06-05 17:59:02 [INFO] fetch_news: [OK] ニュース取得 [site:mof.go.jp]: 5件
2026-06-05 17:59:02 [INFO] fetch_news: [OK] ニュース取得 [site:mof.go.jp]: 5件
2026-06-05 17:59:04 [INFO] fetch_news: [OK] ニュース取得 [米国株]: 5件
2026-06-05 17:59:04 [INFO] fetch_news: [OK] ニュース取得 [米国株]: 5件
2026-06-05 17:59:06 [INFO] fetch_news: [OK] ニュース取得 [日本株]: 5件
2026-06-05 17:59:06 [INFO] fetch_news: [OK] ニュース取得 [日本株]: 5件
2026-06-05 17:59:07 [INFO] fetch_news: [OK] ニュース取得 [金利]: 5件
2026-06-05 17:59:07 [INFO] fetch_news: [OK] ニュース取得 [金利]: 5件
2026-06-05 17:59:09 [INFO] fetch_news: [OK] ニュース取得 [地政学リスク]: 5件
2026-06-05 17:59:09 [INFO] fetch_news: [OK] ニュース取得 [地政学リスク]: 5件
2026-06-05 17:59:11 [INFO] fetch_news: [OK] ニュース取得 [為替 ドル円]: 5件
2026-06-05 17:59:11 [INFO] fetch_news: [OK] ニュース取得 [為替 ドル円]: 5件
2026-06-05 17:59:13 [INFO] fetch_news: [OK] ニュース取得 [OANDA 為替 レート]: 5件
2026-06-05 17:59:13 [INFO] fetch_news: [OK] ニュース取得 [OANDA 為替 レート]: 5件
2026-06-05 17:59:14 [INFO] fetch_news: [OK] ニュース取得 [半導体]: 5件
2026-06-05 17:59:14 [INFO] fetch_news: [OK] ニュース取得 [半導体]: 5件
2026-06-05 17:59:15 [INFO] fetch_news: [OK] ニュース取得 [決算]: 5件
2026-06-05 17:59:15 [INFO] fetch_news: [OK] ニュース取得 [決算]: 5件
2026-06-05 17:59:17 [INFO] fetch_news: [OK] ニュース取得 [原油]: 5件
2026-06-05 17:59:17 [INFO] fetch_news: [OK] ニュース取得 [原油]: 5件
2026-06-05 17:59:19 [INFO] fetch_news: [OK] ニュース取得 [site:traders.co.jp]: 5件
2026-06-05 17:59:19 [INFO] fetch_news: [OK] ニュース取得 [site:traders.co.jp]: 5件
2026-06-05 17:59:21 [INFO] fetch_news: [OK] ニュース取得 [site:minkabu.jp 株]: 5件
2026-06-05 17:59:21 [INFO] fetch_news: [OK] ニュース取得 [site:minkabu.jp 株]: 5件
2026-06-05 17:59:23 [INFO] fetch_news: [OK] ニュース取得 [site:fx.minkabu.jp]: 5件
2026-06-05 17:59:23 [INFO] fetch_news: [OK] ニュース取得 [site:fx.minkabu.jp]: 5件
2026-06-05 17:59:24 [INFO] fetch_news: [OK] ニュース取得 [site:nikkei225jp.com]: 5件
2026-06-05 17:59:24 [INFO] fetch_news: [OK] ニュース取得 [site:nikkei225jp.com]: 5件
2026-06-05 17:59:26 [INFO] fetch_news: [OK] ニュース取得 [帝国データバンク 倒産]: 5件
2026-06-05 17:59:26 [INFO] fetch_news: [OK] ニュース取得 [帝国データバンク 倒産]: 5件
2026-06-05 17:59:28 [INFO] fetch_news: [OK] ニュース取得 [site:tdb.co.jp]: 5件
2026-06-05 17:59:28 [INFO] fetch_news: [OK] ニュース取得 [site:tdb.co.jp]: 5件
2026-06-05 17:59:29 [INFO] fetch_news: ニュース保存: C:\Users\中田　洋介\Desktop\tousijouhou\market-ai-secretary\data\news\2026-06-05_news.json (125件)
2026-06-05 17:59:29 [INFO] fetch_news: === ニュース取得完了: 125件 ===
2026-06-05 17:59:29 [INFO] run_daily: --- Step 3: 指標計算 ---
2026-06-05 17:59:29 [INFO] indicators: リスク判定: 弱気 (リスクオフ) (スコア=-2.06)
2026-06-05 17:59:29 [INFO] run_daily: --- Step 4: 分析 ---
2026-06-05 17:59:29 [INFO] analyze: === 分析開始 ===
2026-06-05 17:59:29 [INFO] analyze: === 分析完了 ===
2026-06-05 17:59:29 [INFO] run_daily: --- Step 5: matplotlibチャート生成 ---
2026-06-05 17:59:29 [INFO] fetch_news: ニュース保存: C:\Users\中田　洋介\Desktop\tousijouhou\market-ai-secretary\data\news\2026-06-05_news.json (125件)
2026-06-05 17:59:29 [INFO] fetch_news: === ニュース取得完了: 125件 ===
2026-06-05 17:59:29 [INFO] run_daily: --- Step 3: 指標計算 ---
2026-06-05 17:59:29 [INFO] indicators: リスク判定: 弱気 (リスクオフ) (スコア=-2.06)
2026-06-05 17:59:29 [INFO] run_daily: --- Step 4: 分析 ---
2026-06-05 17:59:29 [INFO] analyze: === 分析開始 ===
2026-06-05 17:59:29 [INFO] analyze: === 分析完了 ===
2026-06-05 17:59:29 [INFO] run_daily: --- Step 5: matplotlibチャート生成 ---
2026-06-05 17:59:29 [INFO] visualize: === チャート生成開始 ===
2026-06-05 17:59:29 [INFO] visualize: === チャート生成開始 ===
2026-06-05 17:59:29 [INFO] visualize: 指数チャート保存: C:\Users\中田　洋介\Desktop\tousijouhou\market-ai-secretary\reports\charts\2026-06-05_indices.png
2026-06-05 17:59:29 [INFO] visualize: 指数チャート保存: C:\Users\中田　洋介\Desktop\tousijouhou\market-ai-secretary\reports\charts\2026-06-05_indices.png
2026-06-05 17:59:30 [INFO] visualize: 銘柄チャート保存: C:\Users\中田　洋介\Desktop\tousijouhou\market-ai-secretary\reports\charts\2026-06-05_stocks.png
2026-06-05 17:59:30 [INFO] visualize: 銘柄チャート保存: C:\Users\中田　洋介\Desktop\tousijouhou\market-ai-secretary\reports\charts\2026-06-05_stocks.png
2026-06-05 17:59:30 [INFO] visualize: コモディティチャート保存: C:\Users\中田　洋介\Desktop\tousijouhou\market-ai-secretary\reports\charts\2026-06-05_commodities.png
2026-06-05 17:59:30 [INFO] visualize: コモディティチャート保存: C:\Users\中田　洋介\Desktop\tousijouhou\market-ai-secretary\reports\charts\2026-06-05_commodities.png
2026-06-05 17:59:30 [INFO] visualize: Fear&Greed保存: C:\Users\中田　洋介\Desktop\tousijouhou\market-ai-secretary\reports\charts\2026-06-05_fear_greed.png
2026-06-05 17:59:30 [INFO] visualize: Fear&Greed保存: C:\Users\中田　洋介\Desktop\tousijouhou\market-ai-secretary\reports\charts\2026-06-05_fear_greed.png
2026-06-05 17:59:30 [INFO] visualize: リスクメーター保存: C:\Users\中田　洋介\Desktop\tousijouhou\market-ai-secretary\reports\charts\2026-06-05_risk_meter.png
2026-06-05 17:59:30 [INFO] visualize: リスクメーター保存: C:\Users\中田　洋介\Desktop\tousijouhou\market-ai-secretary\reports\charts\2026-06-05_risk_meter.png
2026-06-05 17:59:31 [INFO] visualize: ニュースチャート保存: C:\Users\中田　洋介\Desktop\tousijouhou\market-ai-secretary\reports\charts\2026-06-05_news.png
2026-06-05 17:59:31 [INFO] visualize: === チャート生成完了: 6件 ===
2026-06-05 17:59:31 [INFO] run_daily: --- Step 6: Plotlyチャート生成 ---
2026-06-05 17:59:31 [INFO] visualize: ニュースチャート保存: C:\Users\中田　洋介\Desktop\tousijouhou\market-ai-secretary\reports\charts\2026-06-05_news.png
2026-06-05 17:59:31 [INFO] visualize: === チャート生成完了: 6件 ===
2026-06-05 17:59:31 [INFO] run_daily: --- Step 6: Plotlyチャート生成 ---
2026-06-05 17:59:31 [INFO] visualize_plotly: === Plotly チャート生成開始 ===
2026-06-05 17:59:31 [INFO] visualize_plotly: === Plotly チャート生成開始 ===
2026-06-05 17:59:31 [INFO] visualize_plotly: [OK] indices
2026-06-05 17:59:31 [INFO] visualize_plotly: [OK] indices
2026-06-05 17:59:31 [INFO] visualize_plotly: [OK] stocks
2026-06-05 17:59:31 [INFO] visualize_plotly: [OK] stocks
2026-06-05 17:59:31 [INFO] visualize_plotly: [OK] fear_greed
2026-06-05 17:59:31 [INFO] visualize_plotly: [OK] risk_meter
2026-06-05 17:59:31 [INFO] visualize_plotly: [OK] fear_greed
2026-06-05 17:59:31 [INFO] visualize_plotly: [OK] risk_meter
2026-06-05 17:59:31 [INFO] visualize_plotly: [OK] commodities
2026-06-05 17:59:31 [INFO] visualize_plotly: [OK] commodities
2026-06-05 17:59:31 [INFO] visualize_plotly: [OK] news
2026-06-05 17:59:31 [INFO] visualize_plotly: === Plotly 完了: 6件 ===
2026-06-05 17:59:31 [INFO] run_daily: --- Step 5b: テクニカル分析 ---
2026-06-05 17:59:31 [INFO] technical: === テクニカル分析開始 ===
2026-06-05 17:59:31 [INFO] visualize_plotly: [OK] news
2026-06-05 17:59:31 [INFO] visualize_plotly: === Plotly 完了: 6件 ===
2026-06-05 17:59:31 [INFO] run_daily: --- Step 5b: テクニカル分析 ---
2026-06-05 17:59:31 [INFO] technical: === テクニカル分析開始 ===
2026-06-05 17:59:31 [INFO] technical: [OK] テクニカル: 日経平均 RSI=72.6 トレンド=中期上昇
2026-06-05 17:59:31 [INFO] technical: [OK] テクニカル: 日経平均 RSI=72.6 トレンド=中期上昇
2026-06-05 17:59:32 [INFO] technical: [OK] テクニカル: S&P500 RSI=58.5 トレンド=中期上昇
2026-06-05 17:59:32 [INFO] technical: [OK] テクニカル: S&P500 RSI=58.5 トレンド=中期上昇
2026-06-05 17:59:33 [INFO] technical: [OK] テクニカル: NASDAQ RSI=54.3 トレンド=中期上昇
2026-06-05 17:59:33 [INFO] technical: [OK] テクニカル: NASDAQ RSI=54.3 トレンド=中期上昇
2026-06-05 17:59:33 [INFO] technical: [OK] テクニカル: ドル円 RSI=75.2 トレンド=短期上昇トレンド / 中期下落
2026-06-05 17:59:33 [INFO] technical: [OK] テクニカル: ドル円 RSI=75.2 トレンド=短期上昇トレンド / 中期下落
2026-06-05 17:59:34 [INFO] technical: [OK] テクニカル: 金 RSI=43.4 トレンド=中期下落
2026-06-05 17:59:34 [INFO] technical: [OK] テクニカル: 金 RSI=43.4 トレンド=中期下落
2026-06-05 17:59:34 [INFO] technical: [OK] テクニカル: 原油 RSI=32.8 トレンド=短期下落トレンド / 中期上昇
2026-06-05 17:59:35 [INFO] technical: [OK] テクニカル: 原油 RSI=32.8 トレンド=短期下落トレンド / 中期上昇
2026-06-05 17:59:35 [INFO] technical: [OK] テクニカル: Bitcoin RSI=12.5 トレンド=短期下落トレンド / 中期上昇
2026-06-05 17:59:35 [INFO] technical: [OK] テクニカル: Bitcoin RSI=12.5 トレンド=短期下落トレンド / 中期上昇
2026-06-05 17:59:36 [INFO] technical: === テクニカル分析完了: 7件 → C:\Users\中田　洋介\Desktop\tousijouhou\market-ai-secretary\data\processed\2026-06-05_technical.json ===
2026-06-05 17:59:36 [INFO] run_daily: --- Step 5c: ファンダメンタル分析 ---
2026-06-05 17:59:36 [INFO] fundamental: === ファンダメンタル分析開始 ===
2026-06-05 17:59:36 [INFO] technical: === テクニカル分析完了: 7件 → C:\Users\中田　洋介\Desktop\tousijouhou\market-ai-secretary\data\processed\2026-06-05_technical.json ===
2026-06-05 17:59:36 [INFO] run_daily: --- Step 5c: ファンダメンタル分析 ---
2026-06-05 17:59:36 [INFO] fundamental: === ファンダメンタル分析開始 ===
2026-06-05 17:59:36 [INFO] fundamental: [OK] ファンダ NVIDIA: PER=33.43425 レーティング=strong_buy
2026-06-05 17:59:36 [INFO] fundamental: [OK] ファンダ NVIDIA: PER=33.43425 レーティング=strong_buy
2026-06-05 17:59:37 [INFO] fundamental: [OK] ファンダ Apple: PER=37.72485 レーティング=buy
2026-06-05 17:59:37 [INFO] fundamental: [OK] ファンダ Apple: PER=37.72485 レーティング=buy
2026-06-05 17:59:38 [INFO] fundamental: [OK] ファンダ Tesla: PER=383.89908 レーティング=buy
2026-06-05 17:59:38 [INFO] fundamental: [OK] ファンダ Tesla: PER=383.89908 レーティング=buy
2026-06-05 17:59:39 [INFO] fundamental: [OK] ファンダ Microsoft: PER=25.509533 レーティング=strong_buy
2026-06-05 17:59:39 [INFO] fundamental: [OK] ファンダ Microsoft: PER=25.509533 レーティング=strong_buy
2026-06-05 17:59:39 [INFO] fundamental: [OK] ファンダ Amazon: PER=31.644636 レーティング=strong_buy
2026-06-05 17:59:39 [INFO] fundamental: [OK] ファンダ Amazon: PER=31.644636 レーティング=strong_buy
2026-06-05 17:59:40 [INFO] fundamental: [OK] ファンダ Meta: PER=22.82903 レーティング=strong_buy
2026-06-05 17:59:40 [INFO] fundamental: [OK] ファンダ Meta: PER=22.82903 レーティング=strong_buy
2026-06-05 17:59:41 [INFO] fundamental: [OK] ファンダ トヨタ: PER=9.654471 レーティング=buy
2026-06-05 17:59:41 [INFO] fundamental: [OK] ファンダ トヨタ: PER=9.654471 レーティング=buy
2026-06-05 17:59:42 [INFO] fundamental: [OK] ファンダ SBG: PER=8.509224 レーティング=buy
2026-06-05 17:59:42 [INFO] fundamental: [OK] ファンダ SBG: PER=8.509224 レーティング=buy
2026-06-05 17:59:43 [INFO] fundamental: [OK] ファンダ ソニーG: PER=20.771566 レーティング=strong_buy
2026-06-05 17:59:43 [INFO] fundamental: [OK] ファンダ ソニーG: PER=20.771566 レーティング=strong_buy
2026-06-05 17:59:44 [INFO] fundamental: [OK] ファンダ 三菱UFJ: PER=15.1610775 レーティング=buy
2026-06-05 17:59:44 [INFO] fundamental: [OK] ファンダ 三菱UFJ: PER=15.1610775 レーティング=buy
2026-06-05 17:59:44 [INFO] fundamental: [OK] ファンダ アドバンテスト: PER=52.205036 レーティング=buy
2026-06-05 17:59:45 [INFO] fundamental: [OK] ファンダ アドバンテスト: PER=52.205036 レーティング=buy
2026-06-05 17:59:45 [INFO] fundamental: [OK] 先物 S&P500先物: 7562.5
2026-06-05 17:59:45 [INFO] fundamental: [OK] 先物 S&P500先物: 7562.5
2026-06-05 17:59:46 [INFO] fundamental: [OK] 先物 NASDAQ先物: 30177.5
2026-06-05 17:59:46 [INFO] fundamental: [OK] 先物 NASDAQ先物: 30177.5
2026-06-05 17:59:46 [INFO] fundamental: [OK] 先物 ダウ先物: 51703.0
2026-06-05 17:59:46 [INFO] fundamental: [OK] 先物 ダウ先物: 51704.0
2026-06-05 17:59:47 [INFO] fundamental: [OK] 先物 金先物: 4490.60009765625
2026-06-05 17:59:47 [INFO] fundamental: [OK] 先物 金先物: 4490.60009765625
2026-06-05 17:59:47 [INFO] fundamental: [OK] 先物 原油先物: 92.44000244140625
2026-06-05 17:59:47 [INFO] fundamental: [OK] 先物 原油先物: 92.44000244140625
2026-06-05 17:59:48 [INFO] fundamental: [OK] 先物 米10年債先物: 109.6875
2026-06-05 17:59:48 [INFO] fundamental: [OK] 先物 米10年債先物: 109.6875
2026-06-05 17:59:48 [INFO] fundamental: [OK] VIXオプション PCR=0.02
2026-06-05 17:59:49 [INFO] fundamental: [OK] VIXオプション PCR=0.02
2026-06-05 17:59:52 [INFO] fundamental: [OK] 騰落レシオ近似: 112.8
2026-06-05 17:59:52 [INFO] fundamental: [OK] 騰落レシオ近似: 112.8
2026-06-05 17:59:52 [INFO] fundamental: [OK] 市場統計ニュース [信用残]: 4件
2026-06-05 17:59:52 [INFO] fundamental: [OK] 市場統計ニュース [信用残]: 4件
2026-06-05 17:59:54 [INFO] fundamental: [OK] 市場統計ニュース [騰落レシオ]: 4件
2026-06-05 17:59:54 [INFO] fundamental: [OK] 市場統計ニュース [騰落レシオ]: 4件
2026-06-05 17:59:56 [INFO] fundamental: [OK] 市場統計ニュース [空売り比率]: 4件
2026-06-05 17:59:56 [INFO] fundamental: [OK] 市場統計ニュース [空売り比率]: 4件
2026-06-05 17:59:57 [INFO] fundamental: [OK] 市場統計ニュース [裁定残]: 4件
2026-06-05 17:59:57 [INFO] fundamental: [OK] 市場統計ニュース [裁定残]: 4件
2026-06-05 17:59:59 [INFO] fundamental: [OK] 市場統計ニュース [投資主体別]: 4件
2026-06-05 17:59:59 [INFO] fundamental: [OK] 市場統計ニュース [投資主体別]: 4件
2026-06-05 18:00:00 [INFO] fundamental: [OK] 市場統計ニュース [決算情報]: 4件
2026-06-05 18:00:00 [INFO] fundamental: [OK] 市場統計ニュース [決算情報]: 4件
2026-06-05 18:00:02 [INFO] fundamental: [OK] 市場統計ニュース [レーティング]: 4件
2026-06-05 18:00:02 [INFO] fundamental: [OK] 市場統計ニュース [レーティング]: 4件
2026-06-05 18:00:04 [INFO] fundamental: [OK] 市場統計ニュース [経済指標]: 4件
2026-06-05 18:00:04 [INFO] fundamental: [OK] 市場統計ニュース [経済指標]: 4件
2026-06-05 18:00:05 [INFO] fundamental: [OK] 市場統計ニュース [FOMC]: 4件
2026-06-05 18:00:05 [INFO] fundamental: [OK] 市場統計ニュース [FOMC]: 4件
2026-06-05 18:00:07 [INFO] fundamental: [OK] 市場統計ニュース [日銀会合]: 4件
2026-06-05 18:00:07 [INFO] fundamental: [OK] 市場統計ニュース [日銀会合]: 4件
2026-06-05 18:00:09 [INFO] fundamental: [OK] 市場統計ニュース [先物/オプション]: 4件
2026-06-05 18:00:09 [INFO] fundamental: [OK] 市場統計ニュース [先物/オプション]: 4件
2026-06-05 18:00:10 [INFO] fundamental: [OK] 市場統計ニュース [バリュエーション]: 4件
2026-06-05 18:00:10 [INFO] fundamental: [OK] 市場統計ニュース [バリュエーション]: 4件
2026-06-05 18:00:20 [INFO] run_daily: ====== Market AI Secretary 開始 [mode=morning] ======
2026-06-05 18:00:20 [INFO] run_daily: 実行時刻(JST): 2026-06-05 18:00:20
2026-06-05 18:00:20 [INFO] run_daily: --- Step 1: 価格データ取得 ---
2026-06-05 18:00:20 [INFO] run_daily: ====== Market AI Secretary 開始 [mode=morning] ======
2026-06-05 18:00:20 [INFO] run_daily: 実行時刻(JST): 2026-06-05 18:00:20
2026-06-05 18:00:20 [INFO] run_daily: --- Step 1: 価格データ取得 ---
2026-06-05 18:00:21 [INFO] fundamental: [OK] 経済カレンダーニュース: 18件
2026-06-05 18:00:21 [INFO] fundamental: [OK] 経済カレンダーニュース: 18件
2026-06-05 18:00:21 [INFO] fundamental: === ファンダ分析完了・保存: C:\Users\中田　洋介\Desktop\tousijouhou\market-ai-secretary\data\processed\2026-06-05_fundamental.json ===
2026-06-05 18:00:21 [INFO] run_daily: --- Step 6b: 追加ニュース・Polymarket取得 ---
2026-06-05 18:00:21 [INFO] fundamental: === ファンダ分析完了・保存: C:\Users\中田　洋介\Desktop\tousijouhou\market-ai-secretary\data\processed\2026-06-05_fundamental.json ===
2026-06-05 18:00:21 [INFO] run_daily: --- Step 6b: 追加ニュース・Polymarket取得 ---
2026-06-05 18:00:21 [INFO] fetch_extra_news: === 追加ニュース・Polymarket 取得開始 ===
2026-06-05 18:00:21 [INFO] fetch_extra_news: === 追加ニュース・Polymarket 取得開始 ===
2026-06-05 18:00:21 [INFO] fetch_extra_news: [OK] NHK 経済: 6件
2026-06-05 18:00:21 [INFO] fetch_extra_news: [OK] NHK 経済: 6件
2026-06-05 18:00:22 [INFO] fetch_prices: === 価格データ取得開始 ===
2026-06-05 18:00:22 [INFO] fetch_prices: === 価格データ取得開始 ===
2026-06-05 18:00:22 [INFO] fetch_extra_news: [OK] NHK トップ: 5件
2026-06-05 18:00:22 [INFO] fetch_extra_news: [OK] NHK トップ: 5件
2026-06-05 18:00:23 [INFO] fetch_extra_news: [OK] Yahoo! ファイナンス: 6件
2026-06-05 18:00:23 [INFO] fetch_extra_news: [OK] Yahoo! ファイナンス: 6件
2026-06-05 18:00:23 [INFO] fetch_prices: [OK] 日経平均(^N225) = 66588.1172
2026-06-05 18:00:23 [INFO] fetch_prices: [OK] 日経平均(^N225) = 66588.1172
2026-06-05 18:00:24 [ERROR] fetch_prices: [FAIL] TOPIX(^TOPX): 全ソースで取得失敗
2026-06-05 18:00:24 [ERROR] fetch_prices: [FAIL] TOPIX(^TOPX): 全ソースで取得失敗
2026-06-05 18:00:24 [INFO] fetch_extra_news: [OK] 東洋経済: 5件
2026-06-05 18:00:24 [INFO] fetch_extra_news: [OK] 東洋経済: 5件
2026-06-05 18:00:24 [INFO] fetch_prices: [OK] S&P500(^GSPC) = 7584.3101
2026-06-05 18:00:24 [INFO] fetch_prices: [OK] S&P500(^GSPC) = 7584.3101
2026-06-05 18:00:25 [INFO] fetch_prices: [OK] NASDAQ(^IXIC) = 26830.9609
2026-06-05 18:00:25 [INFO] fetch_prices: [OK] NASDAQ(^IXIC) = 26830.9609
2026-06-05 18:00:25 [INFO] fetch_prices: [OK] ダウ(^DJI) = 51561.9297
2026-06-05 18:00:25 [INFO] fetch_prices: [OK] ダウ(^DJI) = 51561.9297
2026-06-05 18:00:26 [INFO] fetch_prices: [OK] VIX（恐怖指数）(^VIX) = 15.72
2026-06-05 18:00:26 [INFO] fetch_extra_news: [OK] MarketWatch: 5件
2026-06-05 18:00:26 [INFO] fetch_extra_news: [OK] MarketWatch: 5件
2026-06-05 18:00:26 [INFO] fetch_prices: [OK] VIX（恐怖指数）(^VIX) = 15.72
2026-06-05 18:00:26 [INFO] fetch_prices: [OK] VIX9D（超短期）(^VIX9D) = 12.65
2026-06-05 18:00:27 [INFO] fetch_prices: [OK] VIX9D（超短期）(^VIX9D) = 12.65
2026-06-05 18:00:27 [INFO] fetch_prices: [OK] VIX3M（3ヶ月）(^VIX3M) = 19.23
2026-06-05 18:00:27 [INFO] fetch_extra_news: [OK] FXStreet（FX専門）: 5件
2026-06-05 18:00:27 [INFO] fetch_extra_news: [OK] FXStreet（FX専門）: 5件
2026-06-05 18:00:27 [INFO] fetch_prices: [OK] VIX3M（3ヶ月）(^VIX3M) = 19.23
2026-06-05 18:00:27 [INFO] fetch_prices: [OK] VVIX（VIXのVIX）(^VVIX) = 89.8
2026-06-05 18:00:28 [INFO] fetch_prices: [OK] VVIX（VIXのVIX）(^VVIX) = 89.8
2026-06-05 18:00:28 [INFO] fetch_prices: [OK] SKEW（テールリスク）(^SKEW) = 142.15
2026-06-05 18:00:28 [INFO] fetch_extra_news: [OK] Investing.com: 5件
2026-06-05 18:00:28 [INFO] fetch_extra_news: [OK] Investing.com: 5件
2026-06-05 18:00:28 [INFO] fetch_prices: [OK] SKEW（テールリスク）(^SKEW) = 142.15
2026-06-05 18:00:28 [INFO] fetch_prices: [OK] 米10年金利(^TNX) = 4.477
2026-06-05 18:00:29 [INFO] fetch_prices: [OK] 米10年金利(^TNX) = 4.477
2026-06-05 18:00:29 [INFO] fetch_prices: [OK] ドル円(USDJPY=X) = 159.957
2026-06-05 18:00:29 [INFO] fetch_extra_news: [OK] Yahoo Finance: 5件
2026-06-05 18:00:29 [INFO] fetch_prices: [OK] ドル円(USDJPY=X) = 159.95
164
2026-06-05 18:00:30 [INFO] fetch_prices: [OK] 米10年金利(^TNX) = 4.477
2026-06-05 18:00:30 [INFO] fetch_prices: [OK] ユーロドル(EURUSD=X) = 1.164
2026-06-05 18:00:30 [INFO] fetch_prices: [OK] 米10年金利(^TNX) = 4.477
2026-06-05 18:00:30 [INFO] fetch_prices: [OK] 金(GOLD)(GC=F) = 4489.8999
2026-06-05 18:00:31 [INFO] fetch_extra_news: [OK] 日銀公式: 5件
2026-06-05 18:00:31 [INFO] fetch_extra_news: [OK] 日銀公式: 5件
2026-06-05 18:00:31 [INFO] fetch_prices: [OK] 金(GOLD)(GC=F) = 4489.8999
2026-06-05 18:00:31 [INFO] fetch_prices: [OK] WTI原油(CL=F) = 92.49
2026-06-05 18:00:31 [INFO] fetch_prices: [OK] Bitcoin(BTC-USD) = 62441.4609
2026-06-05 18:00:31 [INFO] fetch_prices: [OK] WTI原油(CL=F) = 92.5
2026-06-05 18:00:32 [INFO] fetch_prices: [OK] Bitcoin(BTC-USD) = 62441.4609
2026-06-05 18:00:32 [INFO] fetch_prices: [OK] NVIDIA(NVDA) = 218.66
2026-06-05 18:00:32 [INFO] fetch_extra_news: [OK] 首相官邸: 4件
2026-06-05 18:00:32 [INFO] fetch_extra_news: [OK] 首相官邸: 4件
2026-06-05 18:00:32 [INFO] fetch_prices: [OK] NVIDIA(NVDA) = 218.66
2026-06-05 18:00:32 [INFO] fetch_prices: [OK] Apple(AAPL) = 311.23
2026-06-05 18:00:33 [INFO] fetch_prices: [OK] Tesla(TSLA) = 418.45
2026-06-05 18:00:33 [INFO] fetch_prices: [OK] Apple(AAPL) = 311.23
2026-06-05 18:00:33 [INFO] fetch_extra_news: [OK] 財務省: 4件
2026-06-05 18:00:33 [INFO] fetch_extra_news: [OK] 財務省: 4件
2026-06-05 18:00:34 [INFO] fetch_prices: [OK] Tesla(TSLA) = 418.45
2026-06-05 18:00:34 [INFO] fetch_prices: [OK] Microsoft(MSFT) = 428.05
2026-06-05 18:00:34 [INFO] fetch_prices: [OK] Amazon(AMZN) = 253.79
2026-06-05 18:00:34 [INFO] fetch_prices: [OK] Microsoft(MSFT) = 428.05
2026-06-05 18:00:35 [INFO] fetch_prices: [OK] Meta(META) = 622.98
2026-06-05 18:00:35 [INFO] fetch_prices: [OK] Amazon(AMZN) = 253.79
2026-06-05 18:00:35 [INFO] fetch_extra_news: [OK] トレーダーズウェブ: 5件
2026-06-05 18:00:35 [INFO] fetch_extra_news: [OK] トレーダーズウェブ: 5件
2026-06-05 18:00:35 [INFO] fetch_prices: [OK] Meta(META) = 622.98
2026-06-05 18:00:35 [INFO] fetch_prices: [OK] トヨタ(7203.T) = 2850.0
2026-06-05 18:00:36 [INFO] fetch_prices: [OK] トヨタ(7203.T) = 2850.0
2026-06-05 18:00:36 [INFO] fetch_prices: [OK] ソフトバンクG(9984.T) = 7426.0
2026-06-05 18:00:36 [INFO] fetch_prices: [OK] ソフトバンクG(9984.T) = 7426.0
2026-06-05 18:00:36 [INFO] fetch_prices: [OK] ソニーG(6758.T) = 3559.0
2026-06-05 18:00:36 [INFO] fetch_extra_news: [OK] トレーダーズウェブFX: 4件
2026-06-05 18:00:36 [INFO] fetch_extra_news: [OK] トレーダーズウェブFX: 4件
2026-06-05 18:00:37 [INFO] fetch_prices: [OK] 三菱UFJ(8306.T) = 3219.0
2026-06-05 18:00:37 [INFO] fetch_prices: [OK] ソニーG(6758.T) = 3559.0
2026-06-05 18:00:37 [INFO] fetch_prices: [OK] アドバンテスト(6857.T) = 26765.0
2026-06-05 18:00:38 [INFO] fetch_prices: [OK] 三菱UFJ(8306.T) = 3219.0
2026-06-05 18:00:38 [INFO] fetch_extra_news: [OK] みんかぶ: 5件
2026-06-05 18:00:38 [INFO] fetch_extra_news: [OK] みんかぶ: 5件
2026-06-05 18:00:38 [INFO] fetch_prices: [OK] 信越化学(4063.T) = 7350.0
2026-06-05 18:00:38 [INFO] fetch_prices: [OK] アドバンテスト(6857.T) = 26765.0
2026-06-05 18:00:39 [INFO] fetch_extra_news: [OK] みんかぶFX: 4件
2026-06-05 18:00:39 [INFO] fetch_extra_news: [OK] みんかぶFX: 4件
2026-06-05 18:00:39 [INFO] fetch_prices: [OK] 信越化学(4063.T) = 7350.0
2026-06-05 18:00:39 [INFO] fetch_prices: [OK] CNN Fear & Greed: 55.0 (中立 😐)
2026-06-05 18:00:39 [INFO] fetch_prices: 価格データ保存: C:\Users\中田　洋介\Desktop\tousijouhou\market-ai-secretary\data\raw\2026-06-05_prices.json
2026-06-05 18:00:39 [INFO] fetch_prices: === 取得完了: 成功27件 / 失敗1件 ===
2026-06-05 18:00:39 [INFO] run_daily: --- Step 2: ニュース取得 ---
2026-06-05 18:00:39 [INFO] fetch_news: === ニュース取得開始 ===
2026-06-05 18:00:40 [INFO] fetch_prices: [OK] CNN Fear & Greed: 55.0 (中立 😐)
2026-06-05 18:00:40 [INFO] fetch_prices: 価格データ保存: C:\Users\中田　洋介\Desktop\tousijouhou\market-ai-secretary\data\raw\2026-06-05_prices.json
2026-06-05 18:00:40 [INFO] fetch_prices: === 取得完了: 成功27件 / 失敗1件 ===
2026-06-05 18:00:40 [INFO] run_daily: --- Step 2: ニュース取得 ---
2026-06-05 18:00:40 [INFO] fetch_news: [OK] ニュース取得 [トランプ 発言 政策]: 5件
2026-06-05 18:00:40 [INFO] fetch_news: === ニュース取得開始 ===
2026-06-05 18:00:40 [INFO] fetch_news: [OK] ニュース取得 [トランプ 発言 政策]: 5件
2026-06-05 18:00:40 [INFO] fetch_extra_news: [OK] 日経225専門: 4件
2026-06-05 18:00:40 [INFO] fetch_extra_news: [OK] 日経225専門: 4件
2026-06-05 18:00:41 [INFO] fetch_extra_news: [OK] OANDA為替: 4件
2026-06-05 18:00:41 [INFO] fetch_extra_news: [OK] OANDA為替: 4件
2026-06-05 18:00:42 [INFO] fetch_news: [OK] ニュース取得 [トランプ 関税 貿易]: 5件
2026-06-05 18:00:42 [INFO] fetch_news: [OK] ニュース取得 [トランプ 関税 貿易]: 5件
2026-06-05 18:00:43 [INFO] fetch_extra_news: [OK] 帝国データバンク: 4件
2026-06-05 18:00:43 [INFO] fetch_extra_news: [OK] 帝国データバンク: 4件
2026-06-05 18:00:43 [INFO] fetch_news: [OK] ニュース取得 [Trump tariff economy]: 5件
2026-06-05 18:00:43 [INFO] fetch_news: [OK] ニュース取得 [Trump tariff economy]: 5件
2026-06-05 18:00:44 [INFO] fetch_extra_news: [OK] FedWatch利上げ確率: 4件
2026-06-05 18:00:44 [INFO] fetch_extra_news: [OK] FedWatch利上げ確率: 4件
2026-06-05 18:00:45 [INFO] fetch_news: [OK] ニュース取得 [トランプ 大統領 経済]: 5件
2026-06-05 18:00:45 [INFO] fetch_news: [OK] ニュース取得 [トランプ 大統領 経済]: 5件
2026-06-05 18:00:46 [INFO] fetch_extra_news: [OK] PayPay証券: 3件
2026-06-05 18:00:46 [INFO] fetch_extra_news: [OK] PayPay証券: 3件
2026-06-05 18:00:47 [INFO] fetch_news: [OK] ニュース取得 [日銀]: 5件
2026-06-05 18:00:47 [INFO] fetch_news: [OK] ニュース取得 [日銀]: 5件
2026-06-05 18:00:48 [INFO] fetch_extra_news: [OK] Polymarket: 3件（金融・経済関連）
2026-06-05 18:00:48 [INFO] fetch_extra_news: [OK] Polymarket: 3件（金融・経済関連）
2026-06-05 18:00:48 [INFO] fetch_extra_news: 追加ニュース保存: 92件 / Polymarket: 3件
2026-06-05 18:00:48 [INFO] fetch_extra_news: === 完了: ニュース92件 / Polymarket3件 ===
2026-06-05 18:00:48 [INFO] run_daily: --- Step 7: Ollama AI要約（カテゴリ別） ---
2026-06-05 18:00:48 [INFO] fetch_extra_news: 追加ニュース保存: 92件 / Polymarket: 3件
2026-06-05 18:00:48 [INFO] fetch_extra_news: === 完了: ニュース92件 / Polymarket3件 ===
2026-06-05 18:00:48 [INFO] run_daily: --- Step 7: Ollama AI要約（カテゴリ別） ---
2026-06-05 18:00:48 [INFO] fetch_news: [OK] ニュース取得 [FRB 金融政策]: 5件
2026-06-05 18:00:48 [INFO] fetch_news: [OK] ニュース取得 [FRB 金融政策]: 5件
2026-06-05 18:00:50 [INFO] fetch_news: [OK] ニュース取得 [FedWatch 利上げ 確率]: 5件
2026-06-05 18:00:50 [INFO] fetch_news: [OK] ニュース取得 [FedWatch 利上げ 確率]: 5件
2026-06-05 18:00:51 [INFO] fetch_news: [OK] ニュース取得 [site:boj.or.jp]: 5件
2026-06-05 18:00:51 [INFO] fetch_news: [OK] ニュース取得 [site:boj.or.jp]: 5件
2026-06-05 18:00:52 [INFO] ai_summary: Ollama AI要約開始: モデル=qwen2.5:3b
2026-06-05 18:00:52 [INFO] ai_summary: Ollama AI要約開始: モデル=qwen2.5:3b
2026-06-05 18:00:52 [INFO] ai_summary: AI要約生成中: 🏦 日銀・日本政府（26件）
2026-06-05 18:00:52 [INFO] ai_summary: AI要約生成中: 🏦 日銀・日本政府（26件）
2026-06-05 18:00:53 [INFO] fetch_news: [OK] ニュース取得 [site:kantei.go.jp 経済]: 5件
2026-06-05 18:00:53 [INFO] fetch_news: [OK] ニュース取得 [site:kantei.go.jp 経済]: 5件
2026-06-05 18:00:54 [INFO] fetch_news: [OK] ニュース取得 [site:mof.go.jp]: 5件
2026-06-05 18:00:54 [INFO] fetch_news: [OK] ニュース取得 [site:mof.go.jp]: 5件
2026-06-05 18:00:55 [INFO] fetch_news: [OK] ニュース取得 [米国株]: 5件
2026-06-05 18:00:55 [INFO] fetch_news: [OK] ニュース取得 [米国株]: 5件
2026-06-05 18:00:56 [INFO] fetch_news: [OK] ニュース取得 [日本株]: 5件
2026-06-05 18:00:56 [INFO] fetch_news: [OK] ニュース取得 [日本株]: 5件
2026-06-05 18:00:58 [INFO] fetch_news: [OK] ニュース取得 [金利]: 5件
2026-06-05 18:00:58 [INFO] fetch_news: [OK] ニュース取得 [金利]: 5件
2026-06-05 18:00:59 [INFO] fetch_news: [OK] ニュース取得 [地政学リスク]: 5件
2026-06-05 18:00:59 [INFO] fetch_news: [OK] ニュース取得 [地政学リスク]: 5件
2026-06-05 18:01:00 [INFO] ai_summary: AI要約生成中: 🇺🇸 FRB・米国金融政策（12件）
2026-06-05 18:01:00 [INFO] fetch_news: [OK] ニュース取得 [為替 ドル円]: 5件
2026-06-05 18:01:00 [INFO] fetch_news: [OK] ニュース取得 [為替 ドル円]: 5件
2026-06-05 18:01:00 [INFO] ai_summary: AI要約生成中: 🇺🇸 FRB・米国金融政策（12件）
2026-06-05 18:01:01 [INFO] fetch_news: [OK] ニュース取得 [OANDA 為替 レート]: 5件
2026-06-05 18:01:01 [INFO] fetch_news: [OK] ニュース取得 [OANDA 為替 レート]: 5件
2026-06-05 18:01:03 [INFO] fetch_news: [OK] ニュース取得 [半導体]: 5件
2026-06-05 18:01:03 [INFO] fetch_news: [OK] ニュース取得 [半導体]: 5件
2026-06-05 18:01:03 [INFO] ai_summary: AI要約生成中: 📈 米国株市場（24件）
2026-06-05 18:01:04 [INFO] ai_summary: AI要約生成中: 📈 米国株市場（24件）
2026-06-05 18:01:04 [INFO] fetch_news: [OK] ニュース取得 [決算]: 5件
2026-06-05 18:01:04 [INFO] fetch_news: [OK] ニュース取得 [決算]: 5件
2026-06-05 18:01:06 [INFO] fetch_news: [OK] ニュース取得 [原油]: 5件
2026-06-05 18:01:06 [INFO] fetch_news: [OK] ニュース取得 [原油]: 5件
2026-06-05 18:01:06 [INFO] ai_summary: AI要約生成中: 🗾 日本株市場（23件）
2026-06-05 18:01:07 [INFO] fetch_news: [OK] ニュース取得 [site:traders.co.jp]: 5件
2026-06-05 18:01:07 [INFO] fetch_news: [OK] ニュース取得 [site:traders.co.jp]: 5件
2026-06-05 18:01:07 [INFO] ai_summary: AI要約生成中: 🗾 日本株市場（23件）
2026-06-05 18:01:08 [INFO] fetch_news: [OK] ニュース取得 [site:minkabu.jp 株]: 5件
2026-06-05 18:01:08 [INFO] fetch_news: [OK] ニュース取得 [site:minkabu.jp 株]: 5件
2026-06-05 18:01:09 [INFO] fetch_news: [OK] ニュース取得 [site:fx.minkabu.jp]: 5件
2026-06-05 18:01:09 [INFO] fetch_news: [OK] ニュース取得 [site:fx.minkabu.jp]: 5件
2026-06-05 18:01:09 [INFO] ai_summary: AI要約生成中: 💱 為替・FX（21件）
2026-06-05 18:01:10 [INFO] fetch_news: [OK] ニュース取得 [site:nikkei225jp.com]: 5件
2026-06-05 18:01:10 [INFO] fetch_news: [OK] ニュース取得 [site:nikkei225jp.com]: 5件
2026-06-05 18:01:10 [INFO] ai_summary: AI要約生成中: 💱 為替・FX（21件）
2026-06-05 18:01:12 [INFO] fetch_news: [OK] ニュース取得 [帝国データバンク 倒産]: 5件
2026-06-05 18:01:12 [INFO] fetch_news: [OK] ニュース取得 [帝国データバンク 倒産]: 5件
2026-06-05 18:01:12 [INFO] ai_summary: AI要約生成中: 🌍 地政学リスク（13件）
2026-06-05 18:01:13 [INFO] fetch_news: [OK] ニュース取得 [site:tdb.co.jp]: 5件
2026-06-05 18:01:13 [INFO] fetch_news: [OK] ニュース取得 [site:tdb.co.jp]: 5件
2026-06-05 18:01:14 [INFO] ai_summary: AI要約生成中: 🌍 地政学リスク（13件）
2026-06-05 18:01:14 [INFO] fetch_news: ニュース保存: C:\Users\中田　洋介\Desktop\tousijouhou\market-ai-secretary\data\news\2026-06-05_news.json (125件)
2026-06-05 18:01:14 [INFO] fetch_news: === ニュース取得完了: 125件 ===
2026-06-05 18:01:14 [INFO] run_daily: --- Step 3: 指標計算 ---
2026-06-05 18:01:14 [INFO] indicators: リスク判定: 弱気 (リスクオフ) (スコア=-2.12)
2026-06-05 18:01:14 [INFO] run_daily: --- Step 4: 分析 ---
2026-06-05 18:01:14 [INFO] analyze: === 分析開始 ===
2026-06-05 18:01:14 [INFO] analyze: === 分析完了 ===
2026-06-05 18:01:14 [INFO] run_daily: --- Step 5: matplotlibチャート生成 ---
2026-06-05 18:01:14 [INFO] fetch_news: ニュース保存: C:\Users\中田　洋介\Desktop\tousijouhou\market-ai-secretary\data\news\2026-06-05_news.json (125件)
2026-06-05 18:01:14 [INFO] fetch_news: === ニュース取得完了: 125件 ===
2026-06-05 18:01:14 [INFO] run_daily: --- Step 3: 指標計算 ---
2026-06-05 18:01:14 [INFO] indicators: リスク判定: 弱気 (リスクオフ) (スコア=-2.12)
2026-06-05 18:01:14 [INFO] run_daily: --- Step 4: 分析 ---
2026-06-05 18:01:14 [INFO] analyze: === 分析開始 ===
2026-06-05 18:01:14 [INFO] analyze: === 分析完了 ===
2026-06-05 18:01:14 [INFO] run_daily: --- Step 5: matplotlibチャート生成 ---
2026-06-05 18:01:14 [INFO] visualize: === チャート生成開始 ===
2026-06-05 18:01:14 [INFO] visualize: === チャート生成開始 ===
2026-06-05 18:01:15 [INFO] visualize: 指数チャート保存: C:\Users\中田　洋介\Desktop\tousijouhou\market-ai-secretary\reports\charts\2026-06-05_indices.png
2026-06-05 18:01:15 [INFO] visualize: 指数チャート保存: C:\Users\中田　洋介\Desktop\tousijouhou\market-ai-secretary\reports\charts\2026-06-05_indices.png
2026-06-05 18:01:15 [INFO] visualize: 銘柄チャート保存: C:\Users\中田　洋介\Desktop\tousijouhou\market-ai-secretary\reports\charts\2026-06-05_stocks.png
2026-06-05 18:01:15 [INFO] visualize: 銘柄チャート保存: C:\Users\中田　洋介\Desktop\tousijouhou\market-ai-secretary\reports\charts\2026-06-05_stocks.png
2026-06-05 18:01:15 [INFO] visualize: コモディティチャート保存: C:\Users\中田　洋介\Desktop\tousijouhou\market-ai-secretary\reports\charts\2026-06-05_commodities.png
2026-06-05 18:01:15 [INFO] visualize: コモディティチャート保存: C:\Users\中田　洋介\Desktop\tousijouhou\market-ai-secretary\reports\charts\2026-06-05_commodities.png
2026-06-05 18:01:15 [INFO] visualize: Fear&Greed保存: C:\Users\中田　洋介\Desktop\tousijouhou\market-ai-secretary\reports\charts\2026-06-05_fear_greed.png
2026-06-05 18:01:15 [INFO] visualize: Fear&Greed保存: C:\Users\中田　洋介\Desktop\tousijouhou\market-ai-secretary\reports\charts\2026-06-05_fear_greed.png
2026-06-05 18:01:16 [INFO] visualize: リスクメーター保存: C:\Users\中田　洋介\Desktop\tousijouhou\market-ai-secretary\reports\charts\2026-06-05_risk_meter.png
2026-06-05 18:01:16 [INFO] visualize: リスクメーター保存: C:\Users\中田　洋介\Desktop\tousijouhou\market-ai-secretary\reports\charts\2026-06-05_risk_meter.png
2026-06-05 18:01:16 [INFO] visualize: ニュースチャート保存: C:\Users\中田　洋介\Desktop\tousijouhou\market-ai-secretary\reports\charts\2026-06-05_news.png
2026-06-05 18:01:16 [INFO] visualize: === チャート生成完了: 6件 ===
2026-06-05 18:01:16 [INFO] run_daily: --- Step 6: Plotlyチャート生成 ---
2026-06-05 18:01:16 [INFO] visualize: ニュースチャート保存: C:\Users\中田　洋介\Desktop\tousijouhou\market-ai-secretary\reports\charts\2026-06-05_news.png
2026-06-05 18:01:16 [INFO] visualize: === チャート生成完了: 6件 ===
2026-06-05 18:01:16 [INFO] run_daily: --- Step 6: Plotlyチャート生成 ---
2026-06-05 18:01:16 [INFO] visualize_plotly: === Plotly チャート生成開始 ===
2026-06-05 18:01:16 [INFO] visualize_plotly: === Plotly チャート生成開始 ===
2026-06-05 18:01:16 [INFO] visualize_plotly: [OK] indices
2026-06-05 18:01:17 [INFO] visualize_plotly: [OK] indices
2026-06-05 18:01:17 [INFO] visualize_plotly: [OK] stocks
2026-06-05 18:01:17 [INFO] visualize_plotly: [OK] stocks
2026-06-05 18:01:17 [INFO] visualize_plotly: [OK] fear_greed
2026-06-05 18:01:17 [INFO] visualize_plotly: [OK] risk_meter
2026-06-05 18:01:17 [INFO] visualize_plotly: [OK] fear_greed
2026-06-05 18:01:17 [INFO] visualize_plotly: [OK] risk_meter
2026-06-05 18:01:17 [INFO] visualize_plotly: [OK] commodities
2026-06-05 18:01:17 [INFO] visualize_plotly: [OK] news
2026-06-05 18:01:17 [INFO] visualize_plotly: === Plotly 完了: 6件 ===
2026-06-05 18:01:17 [INFO] run_daily: --- Step 5b: テクニカル分析 ---
2026-06-05 18:01:17 [INFO] technical: === テクニカル分析開始 ===
2026-06-05 18:01:17 [INFO] visualize_plotly: [OK] commodities
2026-06-05 18:01:17 [INFO] visualize_plotly: [OK] news
2026-06-05 18:01:17 [INFO] visualize_plotly: === Plotly 完了: 6件 ===
2026-06-05 18:01:17 [INFO] run_daily: --- Step 5b: テクニカル分析 ---
2026-06-05 18:01:17 [INFO] technical: === テクニカル分析開始 ===
2026-06-05 18:01:17 [INFO] technical: [OK] テクニカル: 日経平均 RSI=72.6 トレンド=中期上昇
2026-06-05 18:01:17 [INFO] technical: [OK] テクニカル: 日経平均 RSI=72.6 トレンド=中期上昇
2026-06-05 18:01:17 [INFO] technical: [OK] テクニカル: S&P500 RSI=58.5 トレンド=中期上昇
2026-06-05 18:01:17 [INFO] technical: [OK] テクニカル: S&P500 RSI=58.5 トレンド=中期上昇
2026-06-05 18:01:18 [INFO] technical: [OK] テクニカル: NASDAQ RSI=54.3 トレンド=中期上昇
2026-06-05 18:01:18 [INFO] technical: [OK] テクニカル: NASDAQ RSI=54.3 トレンド=中期上昇
2026-06-05 18:01:19 [INFO] technical: [OK] テクニカル: ドル円 RSI=75.3 トレンド=短期上昇トレンド / 中期下落
2026-06-05 18:01:19 [INFO] technical: [OK] テクニカル: ドル円 RSI=75.3 トレンド=短期上昇トレンド / 中期下落
2026-06-05 18:01:19 [INFO] technical: [OK] テクニカル: 金 RSI=43.3 トレンド=中期下落
2026-06-05 18:01:19 [INFO] technical: [OK] テクニカル: 金 RSI=43.3 トレンド=中期下落
2026-06-05 18:01:19 [INFO] ai_summary: 市場全体コメント生成完了
2026-06-05 18:01:19 [INFO] ai_summary: AI要約完了: 6カテゴリ
2026-06-05 18:01:19 [INFO] run_daily: AI要約保存: C:\Users\中田　洋介\Desktop\tousijouhou\market-ai-secretary\data\raw\2026-06-05_ai_morning.json
2026-06-05 18:01:19 [INFO] run_daily: --- Step 8: レポート生成 ---
2026-06-05 18:01:19 [INFO] report_writer: レポート保存: C:\Users\中田　洋介\Desktop\tousijouhou\market-ai-secretary\reports\2026-06-05_morning.html
2026-06-05 18:01:19 [INFO] run_daily: HTML: C:\Users\中田　洋介\Desktop\tousijouhou\market-ai-secretary\reports\2026-06-05_morning.html
2026-06-05 18:01:19 [INFO] run_daily: --- Step 9: Telegram通知 ---
2026-06-05 18:01:19 [INFO] notify_telegram: Telegram 設定なし。通知をスキップします。レポートはローカルに保存済みです。
2026-06-05 18:01:19 [INFO] run_daily: --- Step 10: iPhone通知（ntfy.sh） ---
2026-06-05 18:01:19 [INFO] notify_iphone: ntfy.sh未設定。スキップします。
2026-06-05 18:01:19 [INFO] run_daily: ====== 完了 [mode=morning] ======
2026-06-05 18:01:20 [INFO] technical: [OK] テクニカル: 原油 RSI=32.9 トレンド=短期下落トレンド / 中期上昇
2026-06-05 18:01:20 [INFO] technical: [OK] テクニカル: 原油 RSI=32.9 トレンド=短期下落トレンド / 中期上昇
2026-06-05 18:01:20 [INFO] ai_summary: 市場全体コメント生成完了
2026-06-05 18:01:20 [INFO] ai_summary: AI要約完了: 6カテゴリ
2026-06-05 18:01:20 [INFO] run_daily: AI要約保存: C:\Users\中田　洋介\Desktop\tousijouhou\market-ai-secretary\data\raw\2026-06-05_ai_morning.json
2026-06-05 18:01:20 [INFO] run_daily: --- Step 8: レポート生成 ---
2026-06-05 18:01:20 [INFO] report_writer: レポート保存: C:\Users\中田　洋介\Desktop\tousijouhou\market-ai-secretary\reports\2026-06-05_morning.html
2026-06-05 18:01:20 [INFO] run_daily: HTML: C:\Users\中田　洋介\Desktop\tousijouhou\market-ai-secretary\reports\2026-06-05_morning.html
2026-06-05 18:01:20 [INFO] run_daily: --- Step 9: Telegram通知 ---
2026-06-05 18:01:20 [INFO] notify_telegram: Telegram 設定なし。通知をスキップします。レポートはローカルに保存済みです。
2026-06-05 18:01:20 [INFO] run_daily: --- Step 10: iPhone通知（ntfy.sh） ---
2026-06-05 18:01:20 [INFO] notify_iphone: ntfy.sh未設定。スキップします。
2026-06-05 18:01:20 [INFO] run_daily: ====== 完了 [mode=morning] ======
2026-06-05 18:01:21 [INFO] technical: [OK] テクニカル: Bitcoin RSI=12.5 トレンド=短期下落トレンド / 中期上昇
2026-06-05 18:01:21 [INFO] technical: [OK] テクニカル: Bitcoin RSI=12.5 トレンド=短期下落トレンド / 中期上昇
2026-06-05 18:01:21 [INFO] technical: === テクニカル分析完了: 7件 → C:\Users\中田　洋介\Desktop\tousijouhou\market-ai-secretary\data\processed\2026-06-05_technical.json ===
2026-06-05 18:01:21 [INFO] run_daily: --- Step 5c: ファンダメンタル分析 ---
2026-06-05 18:01:21 [INFO] fundamental: === ファンダメンタル分析開始 ===
2026-06-05 18:01:21 [INFO] technical: === テクニカル分析完了: 7件 → C:\Users\中田　洋介\Desktop\tousijouhou\market-ai-secretary\data\processed\2026-06-05_technical.json ===
2026-06-05 18:01:21 [INFO] run_daily: --- Step 5c: ファンダメンタル分析 ---
2026-06-05 18:01:21 [INFO] fundamental: === ファンダメンタル分析開始 ===
2026-06-05 18:01:21 [INFO] fundamental: [OK] ファンダ NVIDIA: PER=33.43425 レーティング=strong_buy
2026-06-05 18:01:21 [INFO] fundamental: [OK] ファンダ NVIDIA: PER=33.43425 レーティング=strong_buy
2026-06-05 18:01:22 [INFO] fundamental: [OK] ファンダ Apple: PER=37.72485 レーティング=buy
2026-06-05 18:01:23 [INFO] fundamental: [OK] ファンダ Tesla: PER=383.89908 レーティング=buy
2026-06-05 18:01:23 [INFO] fundamental: [OK] ファンダ Tesla: PER=383.89908 レーティング=buy
2026-06-05 18:01:24 [INFO] fundamental: [OK] ファンダ Microsoft: PER=25.509533 レーティング=strong_buy
2026-06-05 18:01:24 [INFO] fundamental: [OK] ファンダ Microsoft: PER=25.509533 レーティング=strong_buy
2026-06-05 18:01:25 [INFO] fundamental: [OK] ファンダ Amazon: PER=31.644636 レーティング=strong_buy
2026-06-05 18:01:25 [INFO] fundamental: [OK] ファンダ Amazon: PER=31.644636 レーティング=strong_buy
2026-06-05 18:01:25 [INFO] fundamental: [OK] ファンダ Meta: PER=22.82903 レーティング=strong_buy
2026-06-05 18:01:25 [INFO] fundamental: [OK] ファンダ Meta: PER=22.82903 レーティング=strong_buy
2026-06-05 18:01:26 [INFO] fundamental: [OK] ファンダ トヨタ: PER=9.654471 レーティング=buy
2026-06-05 18:01:26 [INFO] fundamental: [OK] ファンダ トヨタ: PER=9.654471 レーティング=buy
2026-06-05 18:01:27 [INFO] fundamental: [OK] ファンダ SBG: PER=8.509224 レーティング=buy
2026-06-05 18:01:27 [INFO] fundamental: [OK] ファンダ SBG: PER=8.509224 レーティング=buy
2026-06-05 18:01:28 [INFO] fundamental: [OK] ファンダ ソニーG: PER=20.771566 レーティング=strong_buy
2026-06-05 18:01:28 [INFO] fundamental: [OK] ファンダ ソニーG: PER=20.771566 レーティング=strong_buy
2026-06-05 18:01:29 [INFO] fundamental: [OK] ファンダ 三菱UFJ: PER=15.1610775 レーティング=buy
2026-06-05 18:01:29 [INFO] fundamental: [OK] ファンダ 三菱UFJ: PER=15.1610775 レーティング=buy
2026-06-05 18:01:30 [INFO] fundamental: [OK] ファンダ アドバンテスト: PER=52.205036 レーティング=buy
2026-06-05 18:01:30 [INFO] fundamental: [OK] ファンダ アドバンテスト: PER=52.205036 レーティング=buy
2026-06-05 18:01:30 [INFO] fundamental: [OK] 先物 S&P500先物: 7562.0
2026-06-05 18:01:31 [INFO] fundamental: [OK] 先物 S&P500先物: 7561.75
2026-06-05 18:01:31 [INFO] fundamental: [OK] 先物 NASDAQ先物: 30174.5
2026-06-05 18:01:31 [INFO] fundamental: [OK] 先物 NASDAQ先物: 30174.5
2026-06-05 18:01:31 [INFO] fundamental: [OK] 先物 ダウ先物: 51701.0
2026-06-05 18:01:32 [INFO] fundamental: [OK] 先物 ダウ先物: 51701.0
2026-06-05 18:01:32 [INFO] fundamental: [OK] 先物 金先物: 4489.89990234375
2026-06-05 18:01:32 [INFO] fundamental: [OK] 先物 金先物: 4489.89990234375
2026-06-05 18:01:32 [INFO] fundamental: [OK] 先物 原油先物: 92.58000183105469
2026-06-05 18:01:33 [INFO] fundamental: [OK] 先物 原油先物: 92.56999969482422
2026-06-05 18:01:33 [INFO] fundamental: [OK] 先物 米10年債先物: 109.6875
2026-06-05 18:01:33 [INFO] fundamental: [OK] 先物 米10年債先物: 109.6875
2026-06-05 18:01:34 [INFO] fundamental: [OK] VIXオプション PCR=0.02
2026-06-05 18:01:34 [INFO] fundamental: [OK] VIXオプション PCR=0.02
2026-06-05 18:01:37 [INFO] fundamental: [OK] 騰落レシオ近似: 112.8
2026-06-05 18:01:37 [INFO] fundamental: [OK] 市場統計ニュース [信用残]: 4件
2026-06-05 18:01:37 [INFO] fundamental: [OK] 騰落レシオ近似: 112.8
2026-06-05 18:01:37 [INFO] fundamental: [OK] 市場統計ニュース [信用残]: 4件
2026-06-05 18:01:38 [INFO] fundamental: [OK] 市場統計ニュース [騰落レシオ]: 4件
2026-06-05 18:01:39 [INFO] fundamental: [OK] 市場統計ニュース [騰落レシオ]: 4件
2026-06-05 18:01:39 [INFO] fundamental: [OK] 市場統計ニュース [空売り比率]: 4件
2026-06-05 18:01:40 [INFO] fundamental: [OK] 市場統計ニュース [空売り比率]: 4件
2026-06-05 18:01:41 [INFO] fundamental: [OK] 市場統計ニュース [裁定残]: 4件
2026-06-05 18:01:41 [INFO] fundamental: [OK] 市場統計ニュース [裁定残]: 4件
2026-06-05 18:01:42 [INFO] fundamental: [OK] 市場統計ニュース [投資主体別]: 4件
2026-06-05 18:01:42 [INFO] fundamental: [OK] 市場統計ニュース [投資主体別]: 4件
2026-06-05 18:01:43 [INFO] fundamental: [OK] 市場統計ニュース [決算情報]: 4件
2026-06-05 18:01:43 [INFO] fundamental: [OK] 市場統計ニュース [決算情報]: 4件
2026-06-05 18:01:44 [INFO] fundamental: [OK] 市場統計ニュース [レーティング]: 4件
2026-06-05 18:01:45 [INFO] fundamental: [OK] 市場統計ニュース [レーティング]: 4件
2026-06-05 18:01:45 [INFO] fundamental: [OK] 市場統計ニュース [経済指標]: 4件
2026-06-05 18:01:46 [INFO] fundamental: [OK] 市場統計ニュース [経済指標]: 4件
2026-06-05 18:01:47 [INFO] fundamental: [OK] 市場統計ニュース [FOMC]: 4件
2026-06-05 18:01:47 [INFO] fundamental: [OK] 市場統計ニュース [FOMC]: 4件
2026-06-05 18:01:48 [INFO] fundamental: [OK] 市場統計ニュース [日銀会合]: 4件
2026-06-05 18:01:48 [INFO] fundamental: [OK] 市場統計ニュース [日銀会合]: 4件
2026-06-05 18:01:49 [INFO] fundamental: [OK] 市場統計ニュース [先物/オプション]: 4件
2026-06-05 18:01:49 [INFO] fundamental: [OK] 市場統計ニュース [先物/オプション]: 4件
2026-06-05 18:01:50 [INFO] fundamental: [OK] 市場統計ニュース [バリュエーション]: 4件
2026-06-05 18:01:51 [INFO] fundamental: [OK] 市場統計ニュース [バリュエーション]: 4件
2026-06-05 18:01:58 [INFO] fundamental: [OK] 経済カレンダーニュース: 18件
2026-06-05 18:01:58 [INFO] fundamental: === ファンダ分析完了・保存: C:\Users\中田　洋介\Desktop\tousijouhou\market-ai-secretary\data\processed\2026-06-05_fundamental.json ===
2026-06-05 18:01:58 [INFO] run_daily: --- Step 6b: 追加ニュース・Polymarket取得 ---
2026-06-05 18:01:58 [INFO] fetch_extra_news: === 追加ニュース・Polymarket 取得開始 ===
2026-06-05 18:01:58 [INFO] fetch_extra_news: [OK] NHK 経済: 6件
2026-06-05 18:01:58 [INFO] fundamental: [OK] 経済カレンダーニュース: 18件
2026-06-05 18:01:58 [INFO] fundamental: === ファンダ分析完了・保存: C:\Users\中田　洋介\Desktop\tousijouhou\market-ai-secretary\data\processed\2026-06-05_fundamental.json ===
2026-06-05 18:01:58 [INFO] run_daily: --- Step 6b: 追加ニュース・Polymarket取得 ---
2026-06-05 18:01:58 [INFO] fetch_extra_news: === 追加ニュース・Polymarket 取得開始 ===
2026-06-05 18:01:58 [INFO] fetch_extra_news: [OK] NHK 経済: 6件
2026-06-05 18:01:59 [INFO] fetch_extra_news: [OK] NHK トップ: 5件
2026-06-05 18:01:59 [INFO] fetch_extra_news: [OK] NHK トップ: 5件
2026-06-05 18:02:00 [INFO] fetch_extra_news: [OK] Yahoo! ファイナンス: 6件
2026-06-05 18:02:00 [INFO] fetch_extra_news: [OK] Yahoo! ファイナンス: 6件
2026-06-05 18:02:01 [INFO] fetch_extra_news: [OK] 東洋経済: 5件
2026-06-05 18:02:01 [INFO] fetch_extra_news: [OK] 東洋経済: 5件
2026-06-05 18:02:04 [INFO] fetch_extra_news: [OK] MarketWatch: 5件
2026-06-05 18:02:04 [INFO] fetch_extra_news: [OK] MarketWatch: 5件
2026-06-05 18:02:05 [INFO] fetch_extra_news: [OK] FXStreet（FX専門）: 5件
2026-06-05 18:02:05 [INFO] fetch_extra_news: [OK] FXStreet（FX専門）: 5件
2026-06-05 18:02:06 [INFO] fetch_extra_news: [OK] Investing.com: 5件
2026-06-05 18:02:07 [INFO] fetch_extra_news: [OK] Investing.com: 5件
2026-06-05 18:02:10 [INFO] fetch_extra_news: [OK] Yahoo Finance: 5件
2026-06-05 18:02:10 [INFO] fetch_extra_news: [OK] Yahoo Finance: 5件
2026-06-05 18:02:11 [INFO] fetch_extra_news: [OK] 日銀公式: 5件
2026-06-05 18:02:11 [INFO] fetch_extra_news: [OK] 日銀公式: 5件
2026-06-05 18:02:12 [INFO] fetch_extra_news: [OK] 首相官邸: 4件
2026-06-05 18:02:12 [INFO] fetch_extra_news: [OK] 首相官邸: 4件
2026-06-05 18:02:14 [INFO] fetch_extra_news: [OK] 財務省: 4件
2026-06-05 18:02:14 [INFO] fetch_extra_news: [OK] 財務省: 4件
2026-06-05 18:02:16 [INFO] fetch_extra_news: [OK] トレーダーズウェブ: 5件
2026-06-05 18:02:16 [INFO] fetch_extra_news: [OK] トレーダーズウェブ: 5件
2026-06-05 18:02:17 [INFO] fetch_extra_news: [OK] トレーダーズウェブFX: 4件
2026-06-05 18:02:17 [INFO] fetch_extra_news: [OK] トレーダーズウェブFX: 4件
2026-06-05 18:02:18 [INFO] fetch_extra_news: [OK] みんかぶ: 5件
2026-06-05 18:02:18 [INFO] fetch_extra_news: [OK] みんかぶ: 5件
2026-06-05 18:02:20 [INFO] fetch_extra_news: [OK] みんかぶFX: 4件
2026-06-05 18:02:20 [INFO] fetch_extra_news: [OK] みんかぶFX: 4件
2026-06-05 18:02:22 [INFO] fetch_extra_news: [OK] 日経225専門: 4件
2026-06-05 18:02:22 [INFO] fetch_extra_news: [OK] 日経225専門: 4件
2026-06-05 18:02:24 [INFO] fetch_extra_news: [OK] OANDA為替: 4件
2026-06-05 18:02:24 [INFO] fetch_extra_news: [OK] OANDA為替: 4件
2026-06-05 18:02:25 [INFO] fetch_extra_news: [OK] 帝国データバンク: 4件
2026-06-05 18:02:25 [INFO] fetch_extra_news: [OK] 帝国データバンク: 4件
2026-06-05 18:02:26 [INFO] fetch_extra_news: [OK] FedWatch利上げ確率: 4件
2026-06-05 18:02:26 [INFO] fetch_extra_news: [OK] FedWatch利上げ確率: 4件
2026-06-05 18:02:27 [INFO] fetch_extra_news: [OK] PayPay証券: 3件
2026-06-05 18:02:27 [INFO] fetch_extra_news: [OK] PayPay証券: 3件
2026-06-05 18:02:29 [INFO] fetch_extra_news: [OK] Polymarket: 3件（金融・経済関連）
2026-06-05 18:02:29 [INFO] fetch_extra_news: 追加ニュース保存: 92件 / Polymarket: 3件
2026-06-05 18:02:29 [INFO] fetch_extra_news: === 完了: ニュース92件 / Polymarket3件 ===
2026-06-05 18:02:29 [INFO] run_daily: --- Step 7: Ollama AI要約（カテゴリ別） ---
2026-06-05 18:02:29 [INFO] fetch_extra_news: 追加ニュース保存: 92件 / Polymarket: 3件
2026-06-05 18:02:29 [INFO] fetch_extra_news: === 完了: ニュース92件 / Polymarket3件 ===
2026-06-05 18:02:29 [INFO] run_daily: --- Step 7: Ollama AI要約（カテゴリ別） ---
2026-06-05 18:02:33 [INFO] ai_summary: Ollama AI要約開始: モデル=qwen2.5:3b
2026-06-05 18:02:33 [INFO] ai_summary: AI要約生成中: 🏦 日銀・日本政府（26件）
2026-06-05 18:02:33 [INFO] ai_summary: Ollama AI要約開始: モデル=qwen2.5:3b
2026-06-05 18:02:33 [INFO] ai_summary: AI要約生成中: 🏦 日銀・日本政府（26件）
2026-06-05 18:02:37 [INFO] ai_summary: AI要約生成中: 🇺🇸 FRB・米国金融政策（12件）
2026-06-05 18:02:38 [INFO] ai_summary: AI要約生成中: 🇺🇸 FRB・米国金融政策（12件）
2026-06-05 18:02:40 [INFO] ai_summary: AI要約生成中: 📈 米国株市場（24件）
2026-06-05 18:02:41 [INFO] ai_summary: AI要約生成中: 📈 米国株市場（24件）
2026-06-05 18:02:43 [INFO] ai_summary: AI要約生成中: 🗾 日本株市場（23件）
2026-06-05 18:02:44 [INFO] ai_summary: AI要約生成中: 🗾 日本株市場（23件）
2026-06-05 18:02:47 [INFO] ai_summary: AI要約生成中: 💱 為替・FX（21件）
2026-06-05 18:02:47 [INFO] ai_summary: AI要約生成中: 💱 為替・FX（21件）
2026-06-05 18:02:50 [INFO] ai_summary: AI要約生成中: 🌍 地政学リスク（13件）
2026-06-05 18:02:51 [INFO] ai_summary: AI要約生成中: 🌍 地政学リスク（13件）
2026-06-05 18:02:57 [INFO] ai_summary: 市場全体コメント生成完了
2026-06-05 18:02:57 [INFO] ai_summary: AI要約完了: 6カテゴリ
2026-06-05 18:02:57 [INFO] run_daily: AI要約保存: C:\Users\中田　洋介\Desktop\tousijouhou\market-ai-secretary\data\raw\2026-06-05_ai_morning.json
2026-06-05 18:02:57 [INFO] run_daily: --- Step 8: レポート生成 ---
2026-06-05 18:02:57 [INFO] report_writer: レポート保存: C:\Users\中田　洋介\Desktop\tousijouhou\market-ai-secretary\reports\2026-06-05_morning.html
2026-06-05 18:02:57 [INFO] run_daily: HTML: C:\Users\中田　洋介\Desktop\tousijouhou\market-ai-secretary\reports\2026-06-05_morning.html
2026-06-05 18:02:57 [INFO] run_daily: --- Step 9: Telegram通知 ---
2026-06-05 18:02:57 [INFO] notify_telegram: Telegram 設定なし。通知をスキップします。レポートはローカルに保存済みです。
2026-06-05 18:02:57 [INFO] run_daily: --- Step 10: iPhone通知（ntfy.sh） ---
2026-06-05 18:02:57 [INFO] notify_iphone: ntfy.sh未設定。スキップします。
2026-06-05 18:02:57 [INFO] run_daily: ====== 完了 [mode=morning] ======
2026-06-05 18:02:58 [INFO] ai_summary: 市場全体コメント生成完了
2026-06-05 18:02:58 [INFO] ai_summary: AI要約完了: 6カテゴリ
2026-06-05 18:02:58 [INFO] run_daily: AI要約保存: C:\Users\中田　洋介\Desktop\tousijouhou\market-ai-secretary\data\raw\2026-06-05_ai_morning.json
2026-06-05 18:02:58 [INFO] run_daily: --- Step 8: レポート生成 ---
2026-06-05 18:02:58 [INFO] report_writer: レポート保存: C:\Users\中田　洋介\Desktop\tousijouhou\market-ai-secretary\reports\2026-06-05_morning.html
2026-06-05 18:02:58 [INFO] run_daily: HTML: C:\Users\中田　洋介\Desktop\tousijouhou\market-ai-secretary\reports\2026-06-05_morning.html
2026-06-05 18:02:58 [INFO] run_daily: --- Step 9: Telegram通知 ---
2026-06-05 18:02:58 [INFO] notify_telegram: Telegram 設定なし。通知をスキップします。レポートはローカルに保存済みです。
2026-06-05 18:02:58 [INFO] run_daily: --- Step 10: iPhone通知（ntfy.sh） ---
2026-06-05 18:02:58 [INFO] notify_iphone: ntfy.sh未設定。スキップします。
2026-06-05 18:02:58 [INFO] run_daily: ====== 完了 [mode=morning] ======
2026-06-05 18:07:29 [INFO] run_daily: ====== Market AI Secretary 開始 [mode=morning] ======
2026-06-05 18:07:29 [INFO] run_daily: 実行時刻(JST): 2026-06-05 18:07:29
2026-06-05 18:07:29 [INFO] run_daily: --- Step 1: 価格データ取得 ---
2026-06-05 18:07:30 [INFO] fetch_prices: === 価格データ取得開始 ===
2026-06-05 18:07:32 [INFO] fetch_prices: [OK] 日経平均(^N225) = 66588.1172
2026-06-05 18:07:32 [ERROR] fetch_prices: [FAIL] TOPIX(^TOPX): 全ソースで取得失敗
2026-06-05 18:07:33 [INFO] fetch_prices: [OK] S&P500(^GSPC) = 7584.3101
2026-06-05 18:07:33 [INFO] fetch_prices: [OK] NASDAQ(^IXIC) = 26830.9609
2026-06-05 18:07:34 [INFO] fetch_prices: [OK] ダウ(^DJI) = 51561.9297
2026-06-05 18:07:35 [INFO] fetch_prices: [OK] VIX（恐怖指数）(^VIX) = 15.7
2026-06-05 18:07:35 [INFO] fetch_prices: [OK] VIX9D（超短期）(^VIX9D) = 12.65
2026-06-05 18:07:36 [INFO] fetch_prices: [OK] VIX3M（3ヶ月）(^VIX3M) = 19.23
2026-06-05 18:07:36 [INFO] fetch_prices: [OK] VVIX（VIXのVIX）(^VVIX) = 89.8
2026-06-05 18:07:37 [INFO] fetch_prices: [OK] SKEW（テールリスク）(^SKEW) = 142.15
2026-06-05 18:07:37 [INFO] fetch_prices: [OK] 米10年金利(^TNX) = 4.477
2026-06-05 18:07:38 [INFO] fetch_prices: [OK] ドル円(USDJPY=X) = 159.942
2026-06-05 18:07:38 [INFO] fetch_prices: [OK] ユーロドル(EURUSD=X) = 1.1641
2026-06-05 18:07:39 [INFO] fetch_prices: [OK] 米10年金利(^TNX) = 4.477
2026-06-05 18:07:39 [INFO] fetch_prices: [OK] 金(GOLD)(GC=F) = 4490.2998
2026-06-05 18:07:40 [INFO] fetch_prices: [OK] WTI原油(CL=F) = 92.87
2026-06-05 18:07:40 [INFO] fetch_prices: [OK] Bitcoin(BTC-USD) = 62611.4883
2026-06-05 18:07:41 [INFO] fetch_prices: [OK] NVIDIA(NVDA) = 218.66
2026-06-05 18:07:41 [INFO] fetch_prices: [OK] Apple(AAPL) = 311.23
2026-06-05 18:07:42 [INFO] fetch_prices: [OK] Tesla(TSLA) = 418.45
2026-06-05 18:07:43 [INFO] fetch_prices: [OK] Microsoft(MSFT) = 428.05
2026-06-05 18:07:43 [INFO] fetch_prices: [OK] Amazon(AMZN) = 253.79
2026-06-05 18:07:44 [INFO] fetch_prices: [OK] Meta(META) = 622.98
2026-06-05 18:07:44 [INFO] fetch_prices: [OK] トヨタ(7203.T) = 2850.0
2026-06-05 18:07:45 [INFO] fetch_prices: [OK] ソフトバンクG(9984.T) = 7426.0
2026-06-05 18:07:46 [INFO] fetch_prices: [OK] ソニーG(6758.T) = 3559.0
2026-06-05 18:07:46 [INFO] fetch_prices: [OK] 三菱UFJ(8306.T) = 3219.0
2026-06-05 18:07:47 [INFO] fetch_prices: [OK] アドバンテスト(6857.T) = 26765.0
2026-06-05 18:07:47 [INFO] fetch_prices: [OK] 信越化学(4063.T) = 7350.0
2026-06-05 18:07:48 [INFO] fetch_prices: [OK] CNN Fear & Greed: 55.0 (中立 😐)
2026-06-05 18:07:48 [INFO] fetch_prices: 価格データ保存: C:\Users\中田　洋介\Desktop\tousijouhou\market-ai-secretary\data\raw\2026-06-05_prices.json
2026-06-05 18:07:48 [INFO] fetch_prices: === 取得完了: 成功27件 / 失敗1件 ===
2026-06-05 18:07:48 [INFO] run_daily: --- Step 2: ニュース取得 ---
2026-06-05 18:07:48 [INFO] fetch_news: === ニュース取得開始 ===
2026-06-05 18:07:49 [INFO] fetch_news: [OK] ニュース取得 [トランプ 発言 政策]: 5件
2026-06-05 18:07:51 [INFO] fetch_news: [OK] ニュース取得 [トランプ 関税 貿易]: 5件
2026-06-05 18:07:52 [INFO] fetch_news: [OK] ニュース取得 [Trump tariff economy]: 5件
2026-06-05 18:07:54 [INFO] fetch_news: [OK] ニュース取得 [トランプ 大統領 経済]: 5件
2026-06-05 18:07:56 [INFO] fetch_news: [OK] ニュース取得 [日銀]: 5件
2026-06-05 18:07:58 [INFO] fetch_news: [OK] ニュース取得 [FRB 金融政策]: 5件
2026-06-05 18:07:59 [INFO] fetch_news: [OK] ニュース取得 [FedWatch 利上げ 確率]: 5件
2026-06-05 18:08:01 [INFO] fetch_news: [OK] ニュース取得 [site:boj.or.jp]: 5件
2026-06-05 18:08:03 [INFO] fetch_news: [OK] ニュース取得 [site:kantei.go.jp 経済]: 5件
2026-06-05 18:08:05 [INFO] fetch_news: [OK] ニュース取得 [site:mof.go.jp]: 5件
2026-06-05 18:08:07 [INFO] fetch_news: [OK] ニュース取得 [米国株]: 5件
2026-06-05 18:08:09 [INFO] fetch_news: [OK] ニュース取得 [日本株]: 5件
2026-06-05 18:08:11 [INFO] fetch_news: [OK] ニュース取得 [金利]: 5件
2026-06-05 18:08:13 [INFO] fetch_news: [OK] ニュース取得 [地政学リスク]: 5件
2026-06-05 18:08:15 [INFO] fetch_news: [OK] ニュース取得 [為替 ドル円]: 5件
2026-06-05 18:08:16 [INFO] fetch_news: [OK] ニュース取得 [OANDA 為替 レート]: 5件
2026-06-05 18:08:18 [INFO] fetch_news: [OK] ニュース取得 [半導体]: 5件
2026-06-05 18:08:20 [INFO] fetch_news: [OK] ニュース取得 [決算]: 5件
2026-06-05 18:08:22 [INFO] fetch_news: [OK] ニュース取得 [原油]: 5件
2026-06-05 18:08:23 [INFO] fetch_news: [OK] ニュース取得 [site:traders.co.jp]: 5件
2026-06-05 18:08:25 [INFO] fetch_news: [OK] ニュース取得 [site:minkabu.jp 株]: 5件
2026-06-05 18:08:27 [INFO] fetch_news: [OK] ニュース取得 [site:fx.minkabu.jp]: 5件
2026-06-05 18:08:29 [INFO] fetch_news: [OK] ニュース取得 [site:nikkei225jp.com]: 5件
2026-06-05 18:08:31 [INFO] fetch_news: [OK] ニュース取得 [帝国データバンク 倒産]: 5件
2026-06-05 18:08:33 [INFO] fetch_news: [OK] ニュース取得 [site:tdb.co.jp]: 5件
2026-06-05 18:08:34 [INFO] fetch_news: ニュース保存: C:\Users\中田　洋介\Desktop\tousijouhou\market-ai-secretary\data\news\2026-06-05_news.json (125件)
2026-06-05 18:08:34 [INFO] fetch_news: === ニュース取得完了: 125件 ===
2026-06-05 18:08:34 [INFO] run_daily: --- Step 3: 指標計算 ---
2026-06-05 18:08:34 [INFO] indicators: リスク判定: 弱気 (リスクオフ) (スコア=-2.06)
2026-06-05 18:08:34 [INFO] run_daily: --- Step 4: 分析 ---
2026-06-05 18:08:34 [INFO] analyze: === 分析開始 ===
2026-06-05 18:08:34 [INFO] analyze: === 分析完了 ===
2026-06-05 18:08:34 [INFO] run_daily: --- Step 5: matplotlibチャート生成 ---
2026-06-05 18:08:35 [INFO] visualize: === チャート生成開始 ===
2026-06-05 18:08:35 [INFO] visualize: 指数チャート保存: C:\Users\中田　洋介\Desktop\tousijouhou\market-ai-secretary\reports\charts\2026-06-05_indices.png
2026-06-05 18:08:35 [INFO] visualize: 銘柄チャート保存: C:\Users\中田　洋介\Desktop\tousijouhou\market-ai-secretary\reports\charts\2026-06-05_stocks.png
2026-06-05 18:08:36 [INFO] visualize: コモディティチャート保存: C:\Users\中田　洋介\Desktop\tousijouhou\market-ai-secretary\reports\charts\2026-06-05_commodities.png
2026-06-05 18:08:36 [INFO] visualize: Fear&Greed保存: C:\Users\中田　洋介\Desktop\tousijouhou\market-ai-secretary\reports\charts\2026-06-05_fear_greed.png
2026-06-05 18:08:36 [INFO] visualize: リスクメーター保存: C:\Users\中田　洋介\Desktop\tousijouhou\market-ai-secretary\reports\charts\2026-06-05_risk_meter.png
2026-06-05 18:08:36 [INFO] visualize: ニュースチャート保存: C:\Users\中田　洋介\Desktop\tousijouhou\market-ai-secretary\reports\charts\2026-06-05_news.png
2026-06-05 18:08:36 [INFO] visualize: === チャート生成完了: 6件 ===
2026-06-05 18:08:36 [INFO] run_daily: --- Step 6: Plotlyチャート生成 ---
2026-06-05 18:08:37 [INFO] visualize_plotly: === Plotly チャート生成開始 ===
2026-06-05 18:08:37 [INFO] visualize_plotly: [OK] indices
2026-06-05 18:08:37 [INFO] visualize_plotly: [OK] stocks
2026-06-05 18:08:37 [INFO] visualize_plotly: [OK] fear_greed
2026-06-05 18:08:37 [INFO] visualize_plotly: [OK] risk_meter
2026-06-05 18:08:37 [INFO] visualize_plotly: [OK] commodities
2026-06-05 18:08:37 [INFO] visualize_plotly: [OK] news
2026-06-05 18:08:37 [INFO] visualize_plotly: === Plotly 完了: 6件 ===
2026-06-05 18:08:37 [INFO] run_daily: --- Step 5b: テクニカル分析 ---
2026-06-05 18:08:37 [INFO] technical: === テクニカル分析開始 ===
2026-06-05 18:08:37 [INFO] technical: [OK] テクニカル: 日経平均 RSI=72.6 トレンド=中期上昇
2026-06-05 18:08:38 [INFO] technical: [OK] テクニカル: S&P500 RSI=58.5 トレンド=中期上昇
2026-06-05 18:08:38 [INFO] technical: [OK] テクニカル: NASDAQ RSI=54.3 トレンド=中期上昇
2026-06-05 18:08:39 [INFO] technical: [OK] テクニカル: ドル円 RSI=75.0 トレンド=短期上昇トレンド / 中期下落
2026-06-05 18:08:40 [INFO] technical: [OK] テクニカル: 金 RSI=43.3 トレンド=中期下落
2026-06-05 18:08:40 [INFO] technical: [OK] テクニカル: 原油 RSI=33.1 トレンド=短期下落トレンド / 中期上昇
2026-06-05 18:08:41 [INFO] technical: [OK] テクニカル: Bitcoin RSI=12.6 トレンド=短期下落トレンド / 中期上昇
2026-06-05 18:08:41 [INFO] technical: === テクニカル分析完了: 7件 → C:\Users\中田　洋介\Desktop\tousijouhou\market-ai-secretary\data\processed\2026-06-05_technical.json ===
2026-06-05 18:08:41 [INFO] run_daily: --- Step 5c: ファンダメンタル分析 ---
2026-06-05 18:08:41 [INFO] fundamental: === ファンダメンタル分析開始 ===
2026-06-05 18:08:42 [INFO] fundamental: [OK] ファンダ NVIDIA: PER=33.43425 レーティング=strong_buy
2026-06-05 18:08:43 [INFO] fundamental: [OK] ファンダ Apple: PER=37.72485 レーティング=buy
2026-06-05 18:08:43 [INFO] fundamental: [OK] ファンダ Tesla: PER=383.89908 レーティング=buy
2026-06-05 18:08:44 [INFO] fundamental: [OK] ファンダ Microsoft: PER=25.509533 レーティング=strong_buy
2026-06-05 18:08:45 [INFO] fundamental: [OK] ファンダ Amazon: PER=31.644636 レーティング=strong_buy
2026-06-05 18:08:46 [INFO] fundamental: [OK] ファンダ Meta: PER=22.82903 レーティング=strong_buy
2026-06-05 18:08:47 [INFO] fundamental: [OK] ファンダ トヨタ: PER=9.654471 レーティング=buy
2026-06-05 18:08:48 [INFO] fundamental: [OK] ファンダ SBG: PER=8.509224 レーティング=buy
2026-06-05 18:08:49 [INFO] fundamental: [OK] ファンダ ソニーG: PER=20.771566 レーティング=strong_buy
2026-06-05 18:08:49 [INFO] fundamental: [OK] ファンダ 三菱UFJ: PER=15.1610775 レーティング=buy
2026-06-05 18:08:50 [INFO] fundamental: [OK] ファンダ アドバンテスト: PER=52.205036 レーティング=buy
2026-06-05 18:08:51 [INFO] fundamental: [OK] 先物 S&P500先物: 7559.75
2026-06-05 18:08:51 [INFO] fundamental: [OK] 先物 NASDAQ先物: 30151.0
2026-06-05 18:08:52 [INFO] fundamental: [OK] 先物 ダウ先物: 51700.0
2026-06-05 18:08:53 [INFO] fundamental: [OK] 先物 金先物: 4490.0
2026-06-05 18:08:53 [INFO] fundamental: [OK] 先物 原油先物: 92.80999755859375
2026-06-05 18:08:54 [INFO] fundamental: [OK] 先物 米10年債先物: 109.671875
2026-06-05 18:08:54 [INFO] fundamental: [OK] VIXオプション PCR=0.02
2026-06-05 18:08:57 [INFO] fundamental: [OK] 騰落レシオ近似: 112.8
2026-06-05 18:08:58 [INFO] fundamental: [OK] 市場統計ニュース [信用残]: 4件
2026-06-05 18:09:00 [INFO] fundamental: [OK] 市場統計ニュース [騰落レシオ]: 4件
2026-06-05 18:09:02 [INFO] fundamental: [OK] 市場統計ニュース [空売り比率]: 4件
2026-06-05 18:09:04 [INFO] fundamental: [OK] 市場統計ニュース [裁定残]: 4件
2026-06-05 18:09:06 [INFO] fundamental: [OK] 市場統計ニュース [投資主体別]: 4件
2026-06-05 18:09:08 [INFO] fundamental: [OK] 市場統計ニュース [決算情報]: 4件
2026-06-05 18:09:10 [INFO] fundamental: [OK] 市場統計ニュース [レーティング]: 4件
2026-06-05 18:09:12 [INFO] fundamental: [OK] 市場統計ニュース [経済指標]: 4件
2026-06-05 18:09:13 [INFO] fundamental: [OK] 市場統計ニュース [FOMC]: 4件
2026-06-05 18:09:16 [INFO] fundamental: [OK] 市場統計ニュース [日銀会合]: 4件
2026-06-05 18:09:18 [INFO] fundamental: [OK] 市場統計ニュース [先物/オプション]: 4件
2026-06-05 18:09:19 [INFO] fundamental: [OK] 市場統計ニュース [バリュエーション]: 4件
2026-06-05 18:09:31 [INFO] fundamental: [OK] 経済カレンダーニュース: 18件
2026-06-05 18:09:31 [INFO] fundamental: === ファンダ分析完了・保存: C:\Users\中田　洋介\Desktop\tousijouhou\market-ai-secretary\data\processed\2026-06-05_fundamental.json ===
2026-06-05 18:09:31 [INFO] run_daily: --- Step 6b: 追加ニュース・Polymarket取得 ---
2026-06-05 18:09:31 [INFO] fetch_extra_news: === 追加ニュース・Polymarket 取得開始 ===
2026-06-05 18:09:31 [INFO] fetch_extra_news: [OK] NHK 経済: 6件
2026-06-05 18:09:32 [INFO] fetch_extra_news: [OK] NHK トップ: 5件
2026-06-05 18:09:33 [INFO] fetch_extra_news: [OK] Yahoo! ファイナンス: 6件
2026-06-05 18:09:34 [INFO] fetch_extra_news: [OK] 東洋経済: 5件
2026-06-05 18:09:36 [INFO] fetch_extra_news: [OK] MarketWatch: 5件
2026-06-05 18:09:37 [INFO] fetch_extra_news: [OK] FXStreet（FX専門）: 5件
2026-06-05 18:09:38 [INFO] fetch_extra_news: [OK] Investing.com: 5件
2026-06-05 18:09:39 [INFO] fetch_extra_news: [OK] Yahoo Finance: 5件
2026-06-05 18:09:40 [INFO] fetch_extra_news: [OK] 日銀公式: 5件
2026-06-05 18:09:43 [INFO] fetch_extra_news: [OK] 首相官邸: 4件
2026-06-05 18:09:44 [INFO] fetch_extra_news: [OK] 財務省: 4件
2026-06-05 18:09:45 [INFO] fetch_extra_news: [OK] トレーダーズウェブ: 5件
2026-06-05 18:09:47 [INFO] fetch_extra_news: [OK] トレーダーズウェブFX: 4件
2026-06-05 18:09:48 [INFO] fetch_extra_news: [OK] みんかぶ: 5件
2026-06-05 18:09:50 [INFO] fetch_extra_news: [OK] みんかぶFX: 4件
2026-06-05 18:09:51 [INFO] fetch_extra_news: [OK] 日経225専門: 4件
2026-06-05 18:09:52 [INFO] fetch_extra_news: [OK] OANDA為替: 4件
2026-06-05 18:09:54 [INFO] fetch_extra_news: [OK] 帝国データバンク: 4件
2026-06-05 18:09:56 [INFO] fetch_extra_news: [OK] FedWatch利上げ確率: 4件
2026-06-05 18:09:57 [INFO] fetch_extra_news: [OK] PayPay証券: 3件
2026-06-05 18:09:59 [INFO] fetch_extra_news: [OK] Polymarket: 3件（金融・経済関連）
2026-06-05 18:09:59 [INFO] fetch_extra_news: 追加ニュース保存: 92件 / Polymarket: 3件
2026-06-05 18:09:59 [INFO] fetch_extra_news: === 完了: ニュース92件 / Polymarket3件 ===
2026-06-05 18:09:59 [INFO] run_daily: --- Step 7: Ollama AI要約（カテゴリ別） ---
2026-06-05 18:10:03 [INFO] ai_summary: Ollama AI要約開始: モデル=qwen2.5:3b
2026-06-05 18:10:03 [INFO] ai_summary: AI要約生成中: 🏦 日銀・日本政府（27件）
2026-06-05 18:10:11 [INFO] ai_summary: AI要約生成中: 🇺🇸 FRB・米国金融政策（12件）
2026-06-05 18:10:14 [INFO] ai_summary: AI要約生成中: 📈 米国株市場（23件）
2026-06-05 18:10:17 [INFO] ai_summary: AI要約生成中: 🗾 日本株市場（23件）
2026-06-05 18:10:21 [INFO] ai_summary: AI要約生成中: 💱 為替・FX（20件）
2026-06-05 18:10:24 [INFO] ai_summary: AI要約生成中: 🌍 地政学リスク（13件）
2026-06-05 18:10:32 [INFO] ai_summary: 市場全体コメント生成完了
2026-06-05 18:10:32 [INFO] ai_summary: AI要約完了: 6カテゴリ
2026-06-05 18:10:32 [INFO] run_daily: AI要約保存: C:\Users\中田　洋介\Desktop\tousijouhou\market-ai-secretary\data\raw\2026-06-05_ai_morning.json
2026-06-05 18:10:32 [INFO] run_daily: --- Step 8: レポート生成 ---
2026-06-05 18:10:32 [INFO] report_writer: レポート保存: C:\Users\中田　洋介\Desktop\tousijouhou\market-ai-secretary\reports\2026-06-05_morning.html
2026-06-05 18:10:32 [INFO] run_daily: HTML: C:\Users\中田　洋介\Desktop\tousijouhou\market-ai-secretary\reports\2026-06-05_morning.html
2026-06-05 18:10:32 [INFO] run_daily: --- Step 9: Telegram通知 ---
2026-06-05 18:10:32 [INFO] notify_telegram: Telegram 設定なし。通知をスキップします。レポートはローカルに保存済みです。
2026-06-05 18:10:32 [INFO] run_daily: --- Step 10: iPhone通知（ntfy.sh） ---
2026-06-05 18:10:32 [INFO] notify_iphone: ntfy.sh未設定。スキップします。
2026-06-05 18:10:32 [INFO] run_daily: ====== 完了 [mode=morning] ======
2026-06-05 23:44:56 [INFO] run_daily: ====== Market AI Secretary 開始 [mode=test] ======
2026-06-05 23:44:56 [INFO] run_daily: 実行時刻(JST): 2026-06-05 23:44:56
2026-06-05 23:44:56 [INFO] run_daily: --- Step 1: 価格データ取得 ---
2026-06-05 23:44:58 [INFO] fetch_prices: === 価格データ取得開始 ===
2026-06-05 23:44:59 [INFO] fetch_prices: [OK] 日経平均(^N225) = 66588.1172
2026-06-05 23:45:00 [ERROR] fetch_prices: [FAIL] TOPIX(^TOPX): 全ソースで取得失敗
2026-06-05 23:45:00 [INFO] fetch_prices: [OK] S&P500(^GSPC) = 7508.5898
2026-06-05 23:45:01 [INFO] fetch_prices: [OK] NASDAQ(^IXIC) = 26340.3809
2026-06-05 23:45:01 [INFO] fetch_prices: [OK] ダウ(^DJI) = 51444.9219
2026-06-05 23:45:02 [INFO] fetch_prices: [OK] VIX（恐怖指数）(^VIX) = 16.56
2026-06-05 23:45:03 [INFO] fetch_prices: [OK] VIX9D（超短期）(^VIX9D) = 15.04
2026-06-05 23:45:03 [INFO] fetch_prices: [OK] VIX3M（3ヶ月）(^VIX3M) = 19.79
2026-06-05 23:45:04 [INFO] fetch_prices: [OK] VVIX（VIXのVIX）(^VVIX) = 88.37
2026-06-05 23:45:04 [INFO] fetch_prices: [OK] SKEW（テールリスク）(^SKEW) = 142.15
2026-06-05 23:45:05 [INFO] fetch_prices: [OK] 米10年金利(^TNX) = 4.536
2026-06-05 23:45:05 [INFO] fetch_prices: [OK] ドル円(USDJPY=X) = 160.262
2026-06-05 23:45:06 [INFO] fetch_prices: [OK] ユーロドル(EURUSD=X) = 1.1554
2026-06-05 23:45:06 [INFO] fetch_prices: [OK] 米10年金利(^TNX) = 4.536
2026-06-05 23:45:07 [INFO] fetch_prices: [OK] 金(GOLD)(GC=F) = 4376.3999
2026-06-05 23:45:07 [INFO] fetch_prices: [OK] WTI原油(CL=F) = 91.26
2026-06-05 23:45:08 [INFO] fetch_prices: [OK] Bitcoin(BTC-USD) = 60859.9492
2026-06-05 23:45:08 [INFO] fetch_prices: [OK] NVIDIA(NVDA) = 211.121
2026-06-05 23:45:09 [INFO] fetch_prices: [OK] Apple(AAPL) = 314.1545
2026-06-05 23:45:09 [INFO] fetch_prices: [OK] Tesla(TSLA) = 406.455
2026-06-05 23:45:10 [INFO] fetch_prices: [OK] Microsoft(MSFT) = 421.48
2026-06-05 23:45:10 [INFO] fetch_prices: [OK] Amazon(AMZN) = 253.24
2026-06-05 23:45:11 [INFO] fetch_prices: [OK] Meta(META) = 615.44
2026-06-05 23:45:12 [INFO] fetch_prices: [OK] トヨタ(7203.T) = 2850.0
2026-06-05 23:45:12 [INFO] fetch_prices: [OK] ソフトバンクG(9984.T) = 7426.0
2026-06-05 23:45:13 [INFO] fetch_prices: [OK] ソニーG(6758.T) = 3559.0
2026-06-05 23:45:13 [INFO] fetch_prices: [OK] 三菱UFJ(8306.T) = 3219.0
2026-06-05 23:45:14 [INFO] fetch_prices: [OK] アドバンテスト(6857.T) = 26765.0
2026-06-05 23:45:14 [INFO] fetch_prices: [OK] 信越化学(4063.T) = 7350.0
2026-06-05 23:45:17 [INFO] fetch_prices: [OK] CNN Fear & Greed: 49.9 (中立 😐)
2026-06-05 23:45:17 [INFO] fetch_prices: 価格データ保存: C:\Users\中田　洋介\Desktop\tousijouhou\market-ai-secretary\data\raw\2026-06-05_prices.json
2026-06-05 23:45:17 [INFO] fetch_prices: === 取得完了: 成功27件 / 失敗1件 ===
2026-06-05 23:45:17 [INFO] run_daily: --- Step 2: ニュース取得 ---
2026-06-05 23:45:18 [INFO] fetch_news: === ニュース取得開始 ===
2026-06-05 23:45:18 [INFO] fetch_news: [OK] ニュース取得 [トランプ 発言 政策]: 5件
2026-06-05 23:45:20 [INFO] fetch_news: [OK] ニュース取得 [トランプ 関税 貿易]: 5件
2026-06-05 23:45:22 [INFO] fetch_news: [OK] ニュース取得 [Trump tariff economy]: 5件
2026-06-05 23:45:24 [INFO] fetch_news: [OK] ニュース取得 [トランプ 大統領 経済]: 5件
2026-06-05 23:45:25 [INFO] fetch_news: [OK] ニュース取得 [日銀]: 5件
2026-06-05 23:45:27 [INFO] fetch_news: [OK] ニュース取得 [FRB 金融政策]: 5件
2026-06-05 23:45:29 [INFO] fetch_news: [OK] ニュース取得 [FedWatch 利上げ 確率]: 5件
2026-06-05 23:45:31 [INFO] fetch_news: [OK] ニュース取得 [site:boj.or.jp]: 5件
2026-06-05 23:45:33 [INFO] fetch_news: [OK] ニュース取得 [site:kantei.go.jp 経済]: 5件
2026-06-05 23:45:34 [INFO] fetch_news: [OK] ニュース取得 [site:mof.go.jp]: 5件
2026-06-05 23:45:36 [INFO] fetch_news: [OK] ニュース取得 [米国株]: 5件
2026-06-05 23:45:39 [INFO] fetch_news: [OK] ニュース取得 [日本株]: 5件
2026-06-05 23:45:41 [INFO] fetch_news: [OK] ニュース取得 [金利]: 5件
2026-06-05 23:45:43 [INFO] fetch_news: [OK] ニュース取得 [地政学リスク]: 5件
2026-06-05 23:45:44 [INFO] fetch_news: [OK] ニュース取得 [為替 ドル円]: 5件
2026-06-05 23:45:46 [INFO] fetch_news: [OK] ニュース取得 [OANDA 為替 レート]: 5件
2026-06-05 23:45:48 [INFO] fetch_news: [OK] ニュース取得 [半導体]: 5件
2026-06-05 23:45:49 [INFO] fetch_news: [OK] ニュース取得 [決算]: 5件
2026-06-05 23:45:51 [INFO] fetch_news: [OK] ニュース取得 [原油]: 5件
2026-06-05 23:45:54 [INFO] fetch_news: [OK] ニュース取得 [site:traders.co.jp]: 5件
2026-06-05 23:45:55 [INFO] fetch_news: [OK] ニュース取得 [site:minkabu.jp 株]: 5件
2026-06-05 23:45:57 [INFO] fetch_news: [OK] ニュース取得 [site:fx.minkabu.jp]: 5件
2026-06-05 23:45:59 [INFO] fetch_news: [OK] ニュース取得 [site:nikkei225jp.com]: 5件
2026-06-05 23:46:01 [INFO] fetch_news: [OK] ニュース取得 [帝国データバンク 倒産]: 5件
2026-06-05 23:46:03 [INFO] fetch_news: [OK] ニュース取得 [site:tdb.co.jp]: 5件
2026-06-05 23:46:04 [INFO] fetch_news: ニュース保存: C:\Users\中田　洋介\Desktop\tousijouhou\market-ai-secretary\data\news\2026-06-05_news.json (125件)
2026-06-05 23:46:04 [INFO] fetch_news: === ニュース取得完了: 125件 ===
2026-06-05 23:46:04 [INFO] run_daily: --- Step 3: 指標計算 ---
2026-06-05 23:46:04 [INFO] indicators: リスク判定: 弱気 (リスクオフ) (スコア=-7.14)
2026-06-05 23:46:04 [INFO] run_daily: --- Step 4: 分析 ---
2026-06-05 23:46:04 [INFO] analyze: === 分析開始 ===
2026-06-05 23:46:04 [INFO] analyze: === 分析完了 ===
2026-06-05 23:46:04 [INFO] run_daily: --- Step 5: matplotlibチャート生成 ---
2026-06-05 23:46:05 [INFO] visualize: === チャート生成開始 ===
2026-06-05 23:46:06 [INFO] visualize: 指数チャート保存: C:\Users\中田　洋介\Desktop\tousijouhou\market-ai-secretary\reports\charts\2026-06-05_indices.png
2026-06-05 23:46:06 [INFO] visualize: 銘柄チャート保存: C:\Users\中田　洋介\Desktop\tousijouhou\market-ai-secretary\reports\charts\2026-06-05_stocks.png
2026-06-05 23:46:06 [INFO] visualize: コモディティチャート保存: C:\Users\中田　洋介\Desktop\tousijouhou\market-ai-secretary\reports\charts\2026-06-05_commodities.png
2026-06-05 23:46:06 [INFO] visualize: Fear&Greed保存: C:\Users\中田　洋介\Desktop\tousijouhou\market-ai-secretary\reports\charts\2026-06-05_fear_greed.png
2026-06-05 23:46:07 [INFO] visualize: リスクメーター保存: C:\Users\中田　洋介\Desktop\tousijouhou\market-ai-secretary\reports\charts\2026-06-05_risk_meter.png
2026-06-05 23:46:07 [INFO] visualize: ニュースチャート保存: C:\Users\中田　洋介\Desktop\tousijouhou\market-ai-secretary\reports\charts\2026-06-05_news.png
2026-06-05 23:46:07 [INFO] visualize: === チャート生成完了: 6件 ===
2026-06-05 23:46:07 [INFO] run_daily: --- Step 6: Plotlyチャート生成 ---
2026-06-05 23:46:08 [INFO] visualize_plotly: === Plotly チャート生成開始 ===
2026-06-05 23:46:08 [INFO] visualize_plotly: [OK] indices
2026-06-05 23:46:08 [INFO] visualize_plotly: [OK] stocks
2026-06-05 23:46:08 [INFO] visualize_plotly: [OK] fear_greed
2026-06-05 23:46:08 [INFO] visualize_plotly: [OK] risk_meter
2026-06-05 23:46:08 [INFO] visualize_plotly: [OK] commodities
2026-06-05 23:46:08 [INFO] visualize_plotly: [OK] news
2026-06-05 23:46:08 [INFO] visualize_plotly: === Plotly 完了: 6件 ===
2026-06-05 23:46:08 [INFO] run_daily: --- Step 5b: テクニカル分析 ---
2026-06-05 23:46:08 [INFO] technical: === テクニカル分析開始 ===
2026-06-05 23:46:08 [INFO] technical: [OK] テクニカル: 日経平均 RSI=72.6 トレンド=中期上昇
2026-06-05 23:46:09 [INFO] technical: [OK] テクニカル: S&P500 RSI=60.6 トレンド=中期上昇
2026-06-05 23:46:10 [INFO] technical: [OK] テクニカル: NASDAQ RSI=52.7 トレンド=中期上昇
2026-06-05 23:46:10 [INFO] technical: [OK] テクニカル: ドル円 RSI=77.9 トレンド=短期上昇トレンド / 中期下落
2026-06-05 23:46:11 [INFO] technical: [OK] テクニカル: 金 RSI=34.6 トレンド=短期下落トレンド / 中期下落
2026-06-05 23:46:12 [INFO] technical: [OK] テクニカル: 原油 RSI=32.0 トレンド=短期下落トレンド / 中期上昇
2026-06-05 23:46:12 [INFO] technical: [OK] テクニカル: Bitcoin RSI=11.5 トレンド=短期下落トレンド / 中期上昇
2026-06-05 23:46:13 [INFO] technical: === テクニカル分析完了: 7件 → C:\Users\中田　洋介\Desktop\tousijouhou\market-ai-secretary\data\processed\2026-06-05_technical.json ===
2026-06-05 23:46:13 [INFO] run_daily: --- Step 5c: ファンダメンタル分析 ---
2026-06-05 23:46:13 [INFO] fundamental: === ファンダメンタル分析開始 ===
2026-06-05 23:46:13 [INFO] fundamental: [OK] ファンダ NVIDIA: PER=32.29662 レーティング=strong_buy
2026-06-05 23:46:14 [INFO] fundamental: [OK] ファンダ Apple: PER=38.044243 レーティング=buy
2026-06-05 23:46:15 [INFO] fundamental: [OK] ファンダ Tesla: PER=372.89447 レーティング=buy
2026-06-05 23:46:16 [INFO] fundamental: [OK] ファンダ Microsoft: PER=25.11293 レーティング=strong_buy
2026-06-05 23:46:16 [INFO] fundamental: [OK] ファンダ Amazon: PER=31.5798 レーティング=strong_buy
2026-06-05 23:46:17 [INFO] fundamental: [OK] ファンダ Meta: PER=22.378502 レーティング=strong_buy
2026-06-05 23:46:18 [INFO] fundamental: [OK] ファンダ トヨタ: PER=9.654471 レーティング=buy
2026-06-05 23:46:19 [INFO] fundamental: [OK] ファンダ SBG: PER=8.509224 レーティング=buy
2026-06-05 23:46:20 [INFO] fundamental: [OK] ファンダ ソニーG: PER=20.771566 レーティング=strong_buy
2026-06-05 23:46:21 [INFO] fundamental: [OK] ファンダ 三菱UFJ: PER=15.1610775 レーティング=buy
2026-06-05 23:46:21 [INFO] fundamental: [OK] ファンダ アドバンテスト: PER=52.205036 レーティング=buy
2026-06-05 23:46:22 [INFO] fundamental: [OK] 先物 S&P500先物: 7529.75
2026-06-05 23:46:23 [INFO] fundamental: [OK] 先物 NASDAQ先物: 29922.75
2026-06-05 23:46:23 [INFO] fundamental: [OK] 先物 ダウ先物: 51527.0
2026-06-05 23:46:24 [INFO] fundamental: [OK] 先物 金先物: 4378.2998046875
2026-06-05 23:46:24 [INFO] fundamental: [OK] 先物 原油先物: 91.41000366210938
2026-06-05 23:46:25 [INFO] fundamental: [OK] 先物 米10年債先物: 109.0625
2026-06-05 23:46:26 [INFO] fundamental: [OK] VIXオプション PCR=0.14
2026-06-05 23:46:28 [INFO] fundamental: [OK] 騰落レシオ近似: 110.5
2026-06-05 23:46:30 [INFO] fundamental: [OK] 市場統計ニュース [信用残]: 4件
2026-06-05 23:46:31 [INFO] fundamental: [OK] 市場統計ニュース [騰落レシオ]: 4件
2026-06-05 23:46:34 [INFO] fundamental: [OK] 市場統計ニュース [空売り比率]: 4件
2026-06-05 23:46:36 [INFO] fundamental: [OK] 市場統計ニュース [裁定残]: 4件
2026-06-05 23:46:38 [INFO] fundamental: [OK] 市場統計ニュース [投資主体別]: 4件
2026-06-05 23:46:39 [INFO] fundamental: [OK] 市場統計ニュース [決算情報]: 4件
2026-06-05 23:46:42 [INFO] fundamental: [OK] 市場統計ニュース [レーティング]: 4件
2026-06-05 23:46:44 [INFO] fundamental: [OK] 市場統計ニュース [経済指標]: 4件
2026-06-05 23:46:46 [INFO] fundamental: [OK] 市場統計ニュース [FOMC]: 4件
2026-06-05 23:46:48 [INFO] fundamental: [OK] 市場統計ニュース [日銀会合]: 4件
2026-06-05 23:46:50 [INFO] fundamental: [OK] 市場統計ニュース [先物/オプション]: 4件
2026-06-05 23:46:51 [INFO] fundamental: [OK] 市場統計ニュース [バリュエーション]: 4件
2026-06-05 23:47:02 [INFO] fundamental: [OK] 経済カレンダーニュース: 18件
2026-06-05 23:47:02 [INFO] fundamental: === ファンダ分析完了・保存: C:\Users\中田　洋介\Desktop\tousijouhou\market-ai-secretary\data\processed\2026-06-05_fundamental.json ===
2026-06-05 23:47:02 [INFO] run_daily: --- Step 6b: 追加ニュース・Polymarket取得 ---
2026-06-05 23:47:02 [INFO] fetch_extra_news: === 追加ニュース・Polymarket 取得開始 ===
2026-06-05 23:47:03 [INFO] fetch_extra_news: [OK] NHK 経済: 6件
2026-06-05 23:47:04 [INFO] fetch_extra_news: [OK] NHK トップ: 5件
2026-06-05 23:47:05 [INFO] fetch_extra_news: [OK] Yahoo! ファイナンス: 6件
2026-06-05 23:47:06 [INFO] fetch_extra_news: [OK] 東洋経済: 5件
2026-06-05 23:47:07 [INFO] fetch_extra_news: [OK] MarketWatch: 5件
2026-06-05 23:47:08 [INFO] fetch_extra_news: [OK] FXStreet（FX専門）: 5件
2026-06-05 23:47:10 [INFO] fetch_extra_news: [OK] Investing.com: 5件
2026-06-05 23:47:11 [INFO] fetch_extra_news: [OK] Yahoo Finance: 5件
2026-06-05 23:47:12 [INFO] fetch_extra_news: [OK] 日銀公式: 5件
2026-06-05 23:47:14 [INFO] fetch_extra_news: [OK] 首相官邸: 4件
2026-06-05 23:47:15 [INFO] fetch_extra_news: [OK] 財務省: 4件
2026-06-05 23:47:16 [INFO] fetch_extra_news: [OK] トレーダーズウェブ: 5件
2026-06-05 23:47:18 [INFO] fetch_extra_news: [OK] トレーダーズウェブFX: 4件
2026-06-05 23:47:20 [INFO] fetch_extra_news: [OK] みんかぶ: 5件
2026-06-05 23:47:21 [INFO] fetch_extra_news: [OK] みんかぶFX: 4件
2026-06-05 23:47:22 [INFO] fetch_extra_news: [OK] 日経225専門: 4件
2026-06-05 23:47:24 [INFO] fetch_extra_news: [OK] OANDA為替: 4件
2026-06-05 23:47:25 [INFO] fetch_extra_news: [OK] 帝国データバンク: 4件
2026-06-05 23:47:27 [INFO] fetch_extra_news: [OK] FedWatch利上げ確率: 4件
2026-06-05 23:47:29 [INFO] fetch_extra_news: [OK] PayPay証券: 3件
2026-06-05 23:47:30 [INFO] fetch_extra_news: [OK] Polymarket: 3件（金融・経済関連）
2026-06-05 23:47:30 [INFO] fetch_extra_news: 追加ニュース保存: 92件 / Polymarket: 3件
2026-06-05 23:47:30 [INFO] fetch_extra_news: === 完了: ニュース92件 / Polymarket3件 ===
2026-06-05 23:47:30 [INFO] run_daily: --- Step 7: Ollama AI要約（カテゴリ別） ---
2026-06-05 23:47:35 [INFO] ai_summary: Ollama AI要約開始: モデル=qwen2.5:3b
2026-06-05 23:47:35 [INFO] ai_summary: AI要約生成中: 🏦 日銀・日本政府（27件）
2026-06-05 23:47:44 [INFO] ai_summary: AI要約生成中: 🇺🇸 FRB・米国金融政策（11件）
2026-06-05 23:47:47 [INFO] ai_summary: AI要約生成中: 📈 米国株市場（24件）
2026-06-05 23:47:50 [INFO] ai_summary: AI要約生成中: 🗾 日本株市場（23件）
2026-06-05 23:47:54 [INFO] ai_summary: AI要約生成中: 💱 為替・FX（21件）
2026-06-05 23:47:57 [INFO] ai_summary: AI要約生成中: 🌍 地政学リスク（12件）
2026-06-05 23:48:05 [INFO] ai_summary: 市場全体コメント生成完了
2026-06-05 23:48:05 [INFO] ai_summary: AI要約完了: 6カテゴリ
2026-06-05 23:48:05 [INFO] run_daily: AI要約保存: C:\Users\中田　洋介\Desktop\tousijouhou\market-ai-secretary\data\raw\2026-06-05_ai_test.json
2026-06-05 23:48:05 [INFO] run_daily: --- Step 8: レポート生成 ---
2026-06-05 23:48:05 [INFO] report_writer: レポート保存: C:\Users\中田　洋介\Desktop\tousijouhou\market-ai-secretary\reports\2026-06-05_test.html
2026-06-05 23:48:05 [INFO] run_daily: HTML: C:\Users\中田　洋介\Desktop\tousijouhou\market-ai-secretary\reports\2026-06-05_test.html
2026-06-05 23:48:05 [INFO] run_daily: --- Step 9: Telegram通知 ---
2026-06-05 23:48:07 [INFO] notify_telegram: Telegram 送信成功
2026-06-05 23:48:07 [INFO] run_daily: --- Step 10: iPhone通知（ntfy.sh） ---
2026-06-05 23:48:07 [INFO] notify_iphone: ntfy.sh未設定。スキップします。
2026-06-05 23:48:07 [INFO] run_daily: ====== 完了 [mode=test] ======
2026-06-05 23:56:14 [INFO] run_daily: ====== Market AI Secretary 開始 [mode=test] ======
2026-06-05 23:56:14 [INFO] run_daily: 実行時刻(JST): 2026-06-05 23:56:14
2026-06-05 23:56:14 [INFO] run_daily: --- Step 1: 価格データ取得 ---
2026-06-05 23:56:15 [INFO] fetch_prices: === 価格データ取得開始 ===
2026-06-05 23:56:17 [INFO] fetch_prices: [OK] 日経平均(^N225) = 66588.1172
2026-06-05 23:56:17 [ERROR] fetch_prices: [FAIL] TOPIX(^TOPX): 全ソースで取得失敗
2026-06-05 23:56:18 [INFO] fetch_prices: [OK] S&P500(^GSPC) = 7511.0298
2026-06-05 23:56:18 [INFO] fetch_prices: [OK] NASDAQ(^IXIC) = 26343.543
2026-06-05 23:56:19 [INFO] fetch_prices: [OK] ダウ(^DJI) = 51441.4297
2026-06-05 23:56:19 [INFO] fetch_prices: [OK] VIX（恐怖指数）(^VIX) = 16.29
2026-06-05 23:56:20 [INFO] fetch_prices: [OK] VIX9D（超短期）(^VIX9D) = 14.6
2026-06-05 23:56:20 [INFO] fetch_prices: [OK] VIX3M（3ヶ月）(^VIX3M) = 19.63
2026-06-05 23:56:21 [INFO] fetch_prices: [OK] VVIX（VIXのVIX）(^VVIX) = 87.38
2026-06-05 23:56:21 [INFO] fetch_prices: [OK] SKEW（テールリスク）(^SKEW) = 142.15
2026-06-05 23:56:22 [INFO] fetch_prices: [OK] 米10年金利(^TNX) = 4.544
2026-06-05 23:56:23 [INFO] fetch_prices: [OK] ドル円(USDJPY=X) = 160.247
2026-06-05 23:56:23 [INFO] fetch_prices: [OK] ユーロドル(EURUSD=X) = 1.1557
2026-06-05 23:56:24 [INFO] fetch_prices: [OK] 米10年金利(^TNX) = 4.544
2026-06-05 23:56:24 [INFO] fetch_prices: [OK] 金(GOLD)(GC=F) = 4375.2998
2026-06-05 23:56:25 [INFO] fetch_prices: [OK] WTI原油(CL=F) = 91.19
2026-06-05 23:56:25 [INFO] fetch_prices: [OK] Bitcoin(BTC-USD) = 60702.0117
2026-06-05 23:56:26 [INFO] fetch_prices: [OK] NVIDIA(NVDA) = 210.865
2026-06-05 23:56:26 [INFO] fetch_prices: [OK] Apple(AAPL) = 312.78
2026-06-05 23:56:27 [INFO] fetch_prices: [OK] Tesla(TSLA) = 405.715
2026-06-05 23:56:27 [INFO] fetch_prices: [OK] Microsoft(MSFT) = 421.0101
2026-06-05 23:56:28 [INFO] fetch_prices: [OK] Amazon(AMZN) = 253.44
2026-06-05 23:56:28 [INFO] fetch_prices: [OK] Meta(META) = 615.5566
2026-06-05 23:56:29 [INFO] fetch_prices: [OK] トヨタ(7203.T) = 2850.0
2026-06-05 23:56:30 [INFO] fetch_prices: [OK] ソフトバンクG(9984.T) = 7426.0
2026-06-05 23:56:30 [INFO] fetch_prices: [OK] ソニーG(6758.T) = 3559.0
2026-06-05 23:56:31 [INFO] fetch_prices: [OK] 三菱UFJ(8306.T) = 3219.0
2026-06-05 23:56:31 [INFO] fetch_prices: [OK] アドバンテスト(6857.T) = 26765.0
2026-06-05 23:56:32 [INFO] fetch_prices: [OK] 信越化学(4063.T) = 7350.0
2026-06-05 23:56:33 [INFO] fetch_prices: [OK] CNN Fear & Greed: 50.5 (中立 😐)
2026-06-05 23:56:33 [INFO] fetch_prices: 価格データ保存: C:\Users\中田　洋介\Desktop\tousijouhou\market-ai-secretary\data\raw\2026-06-05_prices.json
2026-06-05 23:56:33 [INFO] fetch_prices: === 取得完了: 成功27件 / 失敗1件 ===
2026-06-05 23:56:33 [INFO] run_daily: --- Step 2: ニュース取得 ---
2026-06-05 23:56:33 [INFO] fetch_news: === ニュース取得開始 ===
2026-06-05 23:56:34 [INFO] fetch_news: [OK] ニュース取得 [トランプ 発言 政策]: 5件
2026-06-05 23:56:35 [INFO] fetch_news: [OK] ニュース取得 [トランプ 関税 貿易]: 5件
2026-06-05 23:56:37 [INFO] fetch_news: [OK] ニュース取得 [Trump tariff economy]: 5件
2026-06-05 23:56:39 [INFO] fetch_news: [OK] ニュース取得 [トランプ 大統領 経済]: 5件
2026-06-05 23:56:41 [INFO] fetch_news: [OK] ニュース取得 [日銀]: 5件
2026-06-05 23:56:43 [INFO] fetch_news: [OK] ニュース取得 [FRB 金融政策]: 5件
2026-06-05 23:56:45 [INFO] fetch_news: [OK] ニュース取得 [FedWatch 利上げ 確率]: 5件
2026-06-05 23:56:47 [INFO] fetch_news: [OK] ニュース取得 [site:boj.or.jp]: 5件
2026-06-05 23:56:49 [INFO] fetch_news: [OK] ニュース取得 [site:kantei.go.jp 経済]: 5件
2026-06-05 23:56:51 [INFO] fetch_news: [OK] ニュース取得 [site:mof.go.jp]: 5件
2026-06-05 23:56:53 [INFO] fetch_news: [OK] ニュース取得 [米国株]: 5件
2026-06-05 23:56:55 [INFO] fetch_news: [OK] ニュース取得 [日本株]: 5件
2026-06-05 23:56:57 [INFO] fetch_news: [OK] ニュース取得 [金利]: 5件
2026-06-05 23:56:58 [INFO] fetch_news: [OK] ニュース取得 [地政学リスク]: 5件
2026-06-05 23:57:01 [INFO] fetch_news: [OK] ニュース取得 [為替 ドル円]: 5件
2026-06-05 23:57:02 [INFO] fetch_news: [OK] ニュース取得 [OANDA 為替 レート]: 5件
2026-06-05 23:57:04 [INFO] fetch_news: [OK] ニュース取得 [半導体]: 5件
2026-06-05 23:57:06 [INFO] fetch_news: [OK] ニュース取得 [決算]: 5件
2026-06-05 23:57:08 [INFO] fetch_news: [OK] ニュース取得 [原油]: 5件
2026-06-05 23:57:09 [INFO] fetch_news: [OK] ニュース取得 [site:traders.co.jp]: 5件
2026-06-05 23:57:11 [INFO] fetch_news: [OK] ニュース取得 [site:minkabu.jp 株]: 5件
2026-06-05 23:57:13 [INFO] fetch_news: [OK] ニュース取得 [site:fx.minkabu.jp]: 5件
2026-06-05 23:57:14 [INFO] fetch_news: [OK] ニュース取得 [site:nikkei225jp.com]: 5件
2026-06-05 23:57:16 [INFO] fetch_news: [OK] ニュース取得 [帝国データバンク 倒産]: 5件
2026-06-05 23:57:18 [INFO] fetch_news: [OK] ニュース取得 [site:tdb.co.jp]: 5件
2026-06-05 23:57:19 [INFO] fetch_news: ニュース保存: C:\Users\中田　洋介\Desktop\tousijouhou\market-ai-secretary\data\news\2026-06-05_news.json (125件)
2026-06-05 23:57:19 [INFO] fetch_news: === ニュース取得完了: 125件 ===
2026-06-05 23:57:19 [INFO] run_daily: --- Step 3: 指標計算 ---
2026-06-05 23:57:19 [INFO] indicators: リスク判定: 弱気 (リスクオフ) (スコア=-6.22)
2026-06-05 23:57:19 [INFO] run_daily: --- Step 4: 分析 ---
2026-06-05 23:57:19 [INFO] analyze: === 分析開始 ===
2026-06-05 23:57:19 [INFO] analyze: === 分析完了 ===
2026-06-05 23:57:19 [INFO] run_daily: --- Step 5: matplotlibチャート生成 ---
2026-06-05 23:57:20 [INFO] visualize: === チャート生成開始 ===
2026-06-05 23:57:20 [INFO] visualize: 指数チャート保存: C:\Users\中田　洋介\Desktop\tousijouhou\market-ai-secretary\reports\charts\2026-06-05_indices.png
2026-06-05 23:57:21 [INFO] visualize: 銘柄チャート保存: C:\Users\中田　洋介\Desktop\tousijouhou\market-ai-secretary\reports\charts\2026-06-05_stocks.png
2026-06-05 23:57:21 [INFO] visualize: コモディティチャート保存: C:\Users\中田　洋介\Desktop\tousijouhou\market-ai-secretary\reports\charts\2026-06-05_commodities.png
2026-06-05 23:57:21 [INFO] visualize: Fear&Greed保存: C:\Users\中田　洋介\Desktop\tousijouhou\market-ai-secretary\reports\charts\2026-06-05_fear_greed.png
2026-06-05 23:57:21 [INFO] visualize: リスクメーター保存: C:\Users\中田　洋介\Desktop\tousijouhou\market-ai-secretary\reports\charts\2026-06-05_risk_meter.png
2026-06-05 23:57:22 [INFO] visualize: ニュースチャート保存: C:\Users\中田　洋介\Desktop\tousijouhou\market-ai-secretary\reports\charts\2026-06-05_news.png
2026-06-05 23:57:22 [INFO] visualize: === チャート生成完了: 6件 ===
2026-06-05 23:57:22 [INFO] run_daily: --- Step 6: Plotlyチャート生成 ---
2026-06-05 23:57:22 [INFO] visualize_plotly: === Plotly チャート生成開始 ===
2026-06-05 23:57:22 [INFO] visualize_plotly: [OK] indices
2026-06-05 23:57:22 [INFO] visualize_plotly: [OK] stocks
2026-06-05 23:57:22 [INFO] visualize_plotly: [OK] fear_greed
2026-06-05 23:57:22 [INFO] visualize_plotly: [OK] risk_meter
2026-06-05 23:57:23 [INFO] visualize_plotly: [OK] commodities
2026-06-05 23:57:23 [INFO] visualize_plotly: [OK] news
2026-06-05 23:57:23 [INFO] visualize_plotly: === Plotly 完了: 6件 ===
2026-06-05 23:57:23 [INFO] run_daily: --- Step 5b: テクニカル分析 ---
2026-06-05 23:57:23 [INFO] technical: === テクニカル分析開始 ===
2026-06-05 23:57:23 [INFO] technical: [OK] テクニカル: 日経平均 RSI=72.6 トレンド=中期上昇
2026-06-05 23:57:23 [INFO] technical: [OK] テクニカル: S&P500 RSI=60.8 トレンド=中期上昇
2026-06-05 23:57:24 [INFO] technical: [OK] テクニカル: NASDAQ RSI=52.6 トレンド=中期上昇
2026-06-05 23:57:25 [INFO] technical: [OK] テクニカル: ドル円 RSI=78.2 トレンド=短期上昇トレンド / 中期下落
2026-06-05 23:57:25 [INFO] technical: [OK] テクニカル: 金 RSI=34.6 トレンド=短期下落トレンド / 中期下落
2026-06-05 23:57:26 [INFO] technical: [OK] テクニカル: 原油 RSI=31.7 トレンド=短期下落トレンド / 中期上昇
2026-06-05 23:57:26 [INFO] technical: [OK] テクニカル: Bitcoin RSI=11.4 トレンド=短期下落トレンド / 中期上昇
2026-06-05 23:57:27 [INFO] technical: === テクニカル分析完了: 7件 → C:\Users\中田　洋介\Desktop\tousijouhou\market-ai-secretary\data\processed\2026-06-05_technical.json ===
2026-06-05 23:57:27 [INFO] run_daily: --- Step 5c: ファンダメンタル分析 ---
2026-06-05 23:57:27 [INFO] fundamental: === ファンダメンタル分析開始 ===
2026-06-05 23:57:27 [INFO] fundamental: [OK] ファンダ NVIDIA: PER=32.253822 レーティング=strong_buy
2026-06-05 23:57:28 [INFO] fundamental: [OK] ファンダ Apple: PER=37.91515 レーティング=buy
2026-06-05 23:57:29 [INFO] fundamental: [OK] ファンダ Tesla: PER=372.5688 レーティング=buy
2026-06-05 23:57:30 [INFO] fundamental: [OK] ファンダ Microsoft: PER=25.10548 レーティング=strong_buy
2026-06-05 23:57:30 [INFO] fundamental: [OK] ファンダ Amazon: PER=31.577929 レーティング=strong_buy
2026-06-05 23:57:31 [INFO] fundamental: [OK] ファンダ Meta: PER=22.367407 レーティング=strong_buy
2026-06-05 23:57:32 [INFO] fundamental: [OK] ファンダ トヨタ: PER=9.654471 レーティング=buy
2026-06-05 23:57:33 [INFO] fundamental: [OK] ファンダ SBG: PER=8.509224 レーティング=buy
2026-06-05 23:57:34 [INFO] fundamental: [OK] ファンダ ソニーG: PER=20.771566 レーティング=strong_buy
2026-06-05 23:57:34 [INFO] fundamental: [OK] ファンダ 三菱UFJ: PER=15.1610775 レーティング=buy
2026-06-05 23:57:35 [INFO] fundamental: [OK] ファンダ アドバンテスト: PER=52.205036 レーティング=buy
2026-06-05 23:57:36 [INFO] fundamental: [OK] 先物 S&P500先物: 7518.0
2026-06-05 23:57:36 [INFO] fundamental: [OK] 先物 NASDAQ先物: 29832.25
2026-06-05 23:57:37 [INFO] fundamental: [OK] 先物 ダウ先物: 51485.0
2026-06-05 23:57:38 [INFO] fundamental: [OK] 先物 金先物: 4380.10009765625
2026-06-05 23:57:38 [INFO] fundamental: [OK] 先物 原油先物: 91.13999938964844
2026-06-05 23:57:39 [INFO] fundamental: [OK] 先物 米10年債先物: 109.0625
2026-06-05 23:57:39 [INFO] fundamental: [OK] VIXオプション PCR=0.16
2026-06-05 23:57:42 [INFO] fundamental: [OK] 騰落レシオ近似: 110.5
2026-06-05 23:57:42 [INFO] run_daily: ====== Market AI Secretary 開始 [mode=morning] ======
2026-06-05 23:57:42 [INFO] run_daily: 実行時刻(JST): 2026-06-05 23:57:42
2026-06-05 23:57:42 [INFO] run_daily: --- Step 1: 価格データ取得 ---
2026-06-05 23:57:43 [INFO] fundamental: [OK] 市場統計ニュース [信用残]: 4件
2026-06-05 23:57:44 [INFO] fetch_prices: === 価格データ取得開始 ===
2026-06-05 23:57:45 [INFO] fundamental: [OK] 市場統計ニュース [騰落レシオ]: 4件
2026-06-05 23:57:46 [INFO] fetch_prices: [OK] 日経平均(^N225) = 66588.1172
2026-06-05 23:57:46 [ERROR] fetch_prices: [FAIL] TOPIX(^TOPX): 全ソースで取得失敗
2026-06-05 23:57:46 [INFO] fundamental: [OK] 市場統計ニュース [空売り比率]: 4件
2026-06-05 23:57:47 [INFO] fetch_prices: [OK] S&P500(^GSPC) = 7514.1499
2026-06-05 23:57:47 [INFO] fetch_prices: [OK] NASDAQ(^IXIC) = 26360.5293
2026-06-05 23:57:48 [INFO] fetch_prices: [OK] ダウ(^DJI) = 51427.6406
2026-06-05 23:57:48 [INFO] fundamental: [OK] 市場統計ニュース [裁定残]: 4件
2026-06-05 23:57:48 [INFO] fetch_prices: [OK] VIX（恐怖指数）(^VIX) = 16.37
2026-06-05 23:57:49 [INFO] fetch_prices: [OK] VIX9D（超短期）(^VIX9D) = 14.72
2026-06-05 23:57:49 [INFO] fetch_prices: [OK] VIX3M（3ヶ月）(^VIX3M) = 19.66
2026-06-05 23:57:50 [INFO] fundamental: [OK] 市場統計ニュース [投資主体別]: 4件
2026-06-05 23:57:50 [INFO] fetch_prices: [OK] VVIX（VIXのVIX）(^VVIX) = 87.49
2026-06-05 23:57:50 [INFO] fetch_prices: [OK] SKEW（テールリスク）(^SKEW) = 142.15
2026-06-05 23:57:51 [INFO] fetch_prices: [OK] 米10年金利(^TNX) = 4.546
2026-06-05 23:57:51 [INFO] fundamental: [OK] 市場統計ニュース [決算情報]: 4件
2026-06-05 23:57:51 [INFO] fetch_prices: [OK] ドル円(USDJPY=X) = 160.247
2026-06-05 23:57:52 [INFO] fetch_prices: [OK] ユーロドル(EURUSD=X) = 1.1558
2026-06-05 23:57:52 [INFO] fetch_prices: [OK] 米10年金利(^TNX) = 4.546
2026-06-05 23:57:53 [INFO] fetch_prices: [OK] 金(GOLD)(GC=F) = 4379.6001
2026-06-05 23:57:53 [INFO] fundamental: [OK] 市場統計ニュース [レーティング]: 4件
2026-06-05 23:57:53 [INFO] fetch_prices: [OK] WTI原油(CL=F) = 91.17
2026-06-05 23:57:54 [INFO] fetch_prices: [OK] Bitcoin(BTC-USD) = 60881.9609
2026-06-05 23:57:54 [INFO] fetch_prices: [OK] NVIDIA(NVDA) = 211.0301
2026-06-05 23:57:55 [INFO] fundamental: [OK] 市場統計ニュース [経済指標]: 4件
2026-06-05 23:57:55 [INFO] fetch_prices: [OK] Apple(AAPL) = 312.86
2026-06-05 23:57:56 [INFO] fetch_prices: [OK] Tesla(TSLA) = 406.2751
2026-06-05 23:57:56 [INFO] fetch_prices: [OK] Microsoft(MSFT) = 421.31
2026-06-05 23:57:56 [INFO] fundamental: [OK] 市場統計ニュース [FOMC]: 4件
2026-06-05 23:57:57 [INFO] fetch_prices: [OK] Amazon(AMZN) = 253.21
2026-06-05 23:57:57 [INFO] fetch_prices: [OK] Meta(META) = 615.3545
2026-06-05 23:57:58 [INFO] fetch_prices: [OK] トヨタ(7203.T) = 2850.0
2026-06-05 23:57:58 [INFO] fundamental: [OK] 市場統計ニュース [日銀会合]: 4件
2026-06-05 23:57:58 [INFO] fetch_prices: [OK] ソフトバンクG(9984.T) = 7426.0
2026-06-05 23:57:59 [INFO] fetch_prices: [OK] ソニーG(6758.T) = 3559.0
2026-06-05 23:58:00 [INFO] fetch_prices: [OK] 三菱UFJ(8306.T) = 3219.0
2026-06-05 23:58:00 [INFO] fundamental: [OK] 市場統計ニュース [先物/オプション]: 4件
2026-06-05 23:58:00 [INFO] fetch_prices: [OK] アドバンテスト(6857.T) = 26765.0
2026-06-05 23:58:01 [INFO] fetch_prices: [OK] 信越化学(4063.T) = 7350.0
2026-06-05 23:58:02 [INFO] fundamental: [OK] 市場統計ニュース [バリュエーション]: 4件
2026-06-05 23:58:02 [INFO] fetch_prices: [OK] CNN Fear & Greed: 50.4 (中立 😐)
2026-06-05 23:58:02 [INFO] fetch_prices: 価格データ保存: C:\Users\中田　洋介\Desktop\tousijouhou\market-ai-secretary\data\raw\2026-06-05_prices.json
2026-06-05 23:58:02 [INFO] fetch_prices: === 取得完了: 成功27件 / 失敗1件 ===
2026-06-05 23:58:02 [INFO] run_daily: --- Step 2: ニュース取得 ---
2026-06-05 23:58:02 [INFO] fetch_news: === ニュース取得開始 ===
2026-06-05 23:58:02 [INFO] fetch_news: [OK] ニュース取得 [トランプ 発言 政策]: 5件
2026-06-05 23:58:04 [INFO] fetch_news: [OK] ニュース取得 [トランプ 関税 貿易]: 5件
2026-06-05 23:58:05 [INFO] fetch_news: [OK] ニュース取得 [Trump tariff economy]: 5件
2026-06-05 23:58:06 [INFO] fetch_news: [OK] ニュース取得 [トランプ 大統領 経済]: 5件
2026-06-05 23:58:07 [INFO] fetch_news: [OK] ニュース取得 [日銀]: 5件
2026-06-05 23:58:09 [INFO] fetch_news: [OK] ニュース取得 [FRB 金融政策]: 5件
2026-06-05 23:58:10 [INFO] fetch_news: [OK] ニュース取得 [FedWatch 利上げ 確率]: 5件
2026-06-05 23:58:11 [INFO] fetch_news: [OK] ニュース取得 [site:boj.or.jp]: 5件
2026-06-05 23:58:12 [INFO] fetch_news: [OK] ニュース取得 [site:kantei.go.jp 経済]: 5件
2026-06-05 23:58:13 [INFO] fundamental: [OK] 経済カレンダーニュース: 18件
2026-06-05 23:58:13 [INFO] fundamental: === ファンダ分析完了・保存: C:\Users\中田　洋介\Desktop\tousijouhou\market-ai-secretary\data\processed\2026-06-05_fundamental.json ===
2026-06-05 23:58:13 [INFO] run_daily: --- Step 6b: 追加ニュース・Polymarket取得 ---
2026-06-05 23:58:13 [INFO] fetch_extra_news: === 追加ニュース・Polymarket 取得開始 ===
2026-06-05 23:58:13 [INFO] fetch_extra_news: [OK] NHK 経済: 6件
2026-06-05 23:58:14 [INFO] fetch_news: [OK] ニュース取得 [site:mof.go.jp]: 5件
2026-06-05 23:58:14 [INFO] fetch_extra_news: [OK] NHK トップ: 5件
2026-06-05 23:58:15 [INFO] fetch_news: [OK] ニュース取得 [米国株]: 5件
2026-06-05 23:58:15 [INFO] fetch_extra_news: [OK] Yahoo! ファイナンス: 6件
2026-06-05 23:58:16 [INFO] fetch_extra_news: [OK] 東洋経済: 5件
2026-06-05 23:58:16 [INFO] fetch_news: [OK] ニュース取得 [日本株]: 5件
2026-06-05 23:58:17 [INFO] fetch_news: [OK] ニュース取得 [金利]: 5件
2026-06-05 23:58:18 [INFO] fetch_extra_news: [OK] MarketWatch: 5件
2026-06-05 23:58:19 [INFO] fetch_news: [OK] ニュース取得 [地政学リスク]: 5件
2026-06-05 23:58:19 [INFO] fetch_extra_news: [OK] FXStreet（FX専門）: 5件
2026-06-05 23:58:20 [INFO] fetch_extra_news: [OK] Investing.com: 5件
2026-06-05 23:58:20 [INFO] fetch_news: [OK] ニュース取得 [為替 ドル円]: 5件
2026-06-05 23:58:21 [INFO] fetch_extra_news: [OK] Yahoo Finance: 5件
2026-06-05 23:58:21 [INFO] fetch_news: [OK] ニュース取得 [OANDA 為替 レート]: 5件
2026-06-05 23:58:22 [INFO] fetch_extra_news: [OK] 日銀公式: 5件
2026-06-05 23:58:22 [INFO] fetch_news: [OK] ニュース取得 [半導体]: 5件
2026-06-05 23:58:24 [INFO] fetch_news: [OK] ニュース取得 [決算]: 5件
2026-06-05 23:58:24 [INFO] fetch_extra_news: [OK] 首相官邸: 4件
2026-06-05 23:58:25 [INFO] fetch_news: [OK] ニュース取得 [原油]: 5件
2026-06-05 23:58:25 [INFO] fetch_extra_news: [OK] 財務省: 4件
2026-06-05 23:58:26 [INFO] fetch_news: [OK] ニュース取得 [site:traders.co.jp]: 5件
2026-06-05 23:58:26 [INFO] fetch_extra_news: [OK] トレーダーズウェブ: 5件
2026-06-05 23:58:28 [INFO] fetch_news: [OK] ニュース取得 [site:minkabu.jp 株]: 5件
2026-06-05 23:58:28 [INFO] fetch_extra_news: [OK] トレーダーズウェブFX: 4件
2026-06-05 23:58:29 [INFO] fetch_news: [OK] ニュース取得 [site:fx.minkabu.jp]: 5件
2026-06-05 23:58:30 [INFO] fetch_extra_news: [OK] みんかぶ: 5件
2026-06-05 23:58:30 [INFO] fetch_news: [OK] ニュース取得 [site:nikkei225jp.com]: 5件
2026-06-05 23:58:31 [INFO] fetch_extra_news: [OK] みんかぶFX: 4件
2026-06-05 23:58:31 [INFO] fetch_news: [OK] ニュース取得 [帝国データバンク 倒産]: 5件
2026-06-05 23:58:32 [INFO] fetch_extra_news: [OK] 日経225専門: 4件
2026-06-05 23:58:33 [INFO] fetch_news: [OK] ニュース取得 [site:tdb.co.jp]: 5件
2026-06-05 23:58:34 [INFO] fetch_extra_news: [OK] OANDA為替: 4件
2026-06-05 23:58:34 [INFO] fetch_news: ニュース保存: C:\Users\中田　洋介\Desktop\tousijouhou\market-ai-secretary\data\news\2026-06-05_news.json (125件)
2026-06-05 23:58:34 [INFO] fetch_news: === ニュース取得完了: 125件 ===
2026-06-05 23:58:34 [INFO] run_daily: --- Step 3: 指標計算 ---
2026-06-05 23:58:34 [INFO] indicators: リスク判定: 弱気 (リスクオフ) (スコア=-6.40)
2026-06-05 23:58:34 [INFO] run_daily: --- Step 4: 分析 ---
2026-06-05 23:58:34 [INFO] analyze: === 分析開始 ===
2026-06-05 23:58:34 [INFO] analyze: === 分析完了 ===
2026-06-05 23:58:34 [INFO] run_daily: --- Step 5: matplotlibチャート生成 ---
2026-06-05 23:58:34 [INFO] visualize: === チャート生成開始 ===
2026-06-05 23:58:35 [INFO] visualize: 指数チャート保存: C:\Users\中田　洋介\Desktop\tousijouhou\market-ai-secretary\reports\charts\2026-06-05_indices.png
2026-06-05 23:58:35 [INFO] fetch_extra_news: [OK] 帝国データバンク: 4件
2026-06-05 23:58:36 [INFO] visualize: 銘柄チャート保存: C:\Users\中田　洋介\Desktop\tousijouhou\market-ai-secretary\reports\charts\2026-06-05_stocks.png
2026-06-05 23:58:36 [INFO] visualize: コモディティチャート保存: C:\Users\中田　洋介\Desktop\tousijouhou\market-ai-secretary\reports\charts\2026-06-05_commodities.png
2026-06-05 23:58:36 [INFO] visualize: Fear&Greed保存: C:\Users\中田　洋介\Desktop\tousijouhou\market-ai-secretary\reports\charts\2026-06-05_fear_greed.png
2026-06-05 23:58:36 [INFO] visualize: リスクメーター保存: C:\Users\中田　洋介\Desktop\tousijouhou\market-ai-secretary\reports\charts\2026-06-05_risk_meter.png
2026-06-05 23:58:37 [INFO] fetch_extra_news: [OK] FedWatch利上げ確率: 4件
2026-06-05 23:58:37 [INFO] visualize: ニュースチャート保存: C:\Users\中田　洋介\Desktop\tousijouhou\market-ai-secretary\reports\charts\2026-06-05_news.png
2026-06-05 23:58:37 [INFO] visualize: === チャート生成完了: 6件 ===
2026-06-05 23:58:37 [INFO] run_daily: --- Step 6: Plotlyチャート生成 ---
2026-06-05 23:58:37 [INFO] visualize_plotly: === Plotly チャート生成開始 ===
2026-06-05 23:58:37 [INFO] visualize_plotly: [OK] indices
2026-06-05 23:58:37 [INFO] visualize_plotly: [OK] stocks
2026-06-05 23:58:38 [INFO] visualize_plotly: [OK] fear_greed
2026-06-05 23:58:38 [INFO] visualize_plotly: [OK] risk_meter
2026-06-05 23:58:38 [INFO] visualize_plotly: [OK] commodities
2026-06-05 23:58:38 [INFO] visualize_plotly: [OK] news
2026-06-05 23:58:38 [INFO] visualize_plotly: === Plotly 完了: 6件 ===
2026-06-05 23:58:38 [INFO] run_daily: --- Step 5b: テクニカル分析 ---
2026-06-05 23:58:38 [INFO] technical: === テクニカル分析開始 ===
2026-06-05 23:58:38 [INFO] technical: [OK] テクニカル: 日経平均 RSI=72.6 トレンド=中期上昇
2026-06-05 23:58:38 [INFO] technical: [OK] テクニカル: S&P500 RSI=61.2 トレンド=中期上昇
2026-06-05 23:58:39 [INFO] fetch_extra_news: [OK] PayPay証券: 3件
2026-06-05 23:58:39 [INFO] technical: [OK] テクニカル: NASDAQ RSI=52.9 トレンド=中期上昇
2026-06-05 23:58:40 [INFO] technical: [OK] テクニカル: ドル円 RSI=78.1 トレンド=短期上昇トレンド / 中期下落
2026-06-05 23:58:40 [INFO] technical: [OK] テクニカル: 金 RSI=34.8 トレンド=短期下落トレンド / 中期下落
2026-06-05 23:58:41 [INFO] fetch_extra_news: [OK] Polymarket: 3件（金融・経済関連）
2026-06-05 23:58:41 [INFO] fetch_extra_news: 追加ニュース保存: 92件 / Polymarket: 3件
2026-06-05 23:58:41 [INFO] fetch_extra_news: === 完了: ニュース92件 / Polymarket3件 ===
2026-06-05 23:58:41 [INFO] run_daily: --- Step 7: Ollama AI要約（カテゴリ別） ---
2026-06-05 23:58:41 [INFO] technical: [OK] テクニカル: 原油 RSI=31.7 トレンド=短期下落トレンド / 中期上昇
2026-06-05 23:58:42 [INFO] technical: [OK] テクニカル: Bitcoin RSI=11.4 トレンド=短期下落トレンド / 中期上昇
2026-06-05 23:58:42 [INFO] technical: === テクニカル分析完了: 7件 → C:\Users\中田　洋介\Desktop\tousijouhou\market-ai-secretary\data\processed\2026-06-05_technical.json ===
2026-06-05 23:58:42 [INFO] run_daily: --- Step 5c: ファンダメンタル分析 ---
2026-06-05 23:58:42 [INFO] fundamental: === ファンダメンタル分析開始 ===
2026-06-05 23:58:42 [INFO] fundamental: [OK] ファンダ NVIDIA: PER=32.256115 レーティング=strong_buy
2026-06-05 23:58:43 [INFO] fundamental: [OK] ファンダ Apple: PER=37.92001 レーティング=buy
2026-06-05 23:58:44 [INFO] fundamental: [OK] ファンダ Tesla: PER=372.4954 レーティング=buy
2026-06-05 23:58:45 [INFO] fundamental: [OK] ファンダ Microsoft: PER=25.114717 レーティング=strong_buy
2026-06-05 23:58:45 [INFO] ai_summary: Ollama AI要約開始: モデル=qwen2.5:3b
2026-06-05 23:58:45 [INFO] ai_summary: AI要約生成中: 🏦 日銀・日本政府（27件）
2026-06-05 23:58:45 [INFO] fundamental: [OK] ファンダ Amazon: PER=31.577929 レーティング=strong_buy
2026-06-05 23:58:46 [INFO] fundamental: [OK] ファンダ Meta: PER=22.378096 レーティング=strong_buy
2026-06-05 23:58:47 [INFO] fundamental: [OK] ファンダ トヨタ: PER=9.654471 レーティング=buy
2026-06-05 23:58:48 [INFO] fundamental: [OK] ファンダ SBG: PER=8.509224 レーティング=buy
2026-06-05 23:58:49 [INFO] fundamental: [OK] ファンダ ソニーG: PER=20.771566 レーティング=strong_buy
2026-06-05 23:58:50 [INFO] fundamental: [OK] ファンダ 三菱UFJ: PER=15.1610775 レーティング=buy
2026-06-05 23:58:50 [INFO] fundamental: [OK] ファンダ アドバンテスト: PER=52.205036 レーティング=buy
2026-06-05 23:58:51 [INFO] fundamental: [OK] 先物 S&P500先物: 7516.25
2026-06-05 23:58:52 [INFO] fundamental: [OK] 先物 NASDAQ先物: 29821.5
2026-06-05 23:58:52 [INFO] fundamental: [OK] 先物 ダウ先物: 51487.0
2026-06-05 23:58:53 [INFO] fundamental: [OK] 先物 金先物: 4378.7998046875
2026-06-05 23:58:53 [INFO] ai_summary: AI要約生成中: 🇺🇸 FRB・米国金融政策（11件）
2026-06-05 23:58:53 [INFO] fundamental: [OK] 先物 原油先物: 91.11000061035156
2026-06-05 23:58:54 [INFO] fundamental: [OK] 先物 米10年債先物: 109.078125
2026-06-05 23:58:54 [INFO] fundamental: [OK] VIXオプション PCR=0.16
2026-06-05 23:58:56 [INFO] ai_summary: AI要約生成中: 📈 米国株市場（24件）
2026-06-05 23:58:57 [INFO] fundamental: [OK] 騰落レシオ近似: 110.5
2026-06-05 23:58:58 [INFO] fundamental: [OK] 市場統計ニュース [信用残]: 4件
2026-06-05 23:58:59 [INFO] fundamental: [OK] 市場統計ニュース [騰落レシオ]: 4件
2026-06-05 23:59:00 [INFO] ai_summary: AI要約生成中: 🗾 日本株市場（23件）
2026-06-05 23:59:00 [INFO] fundamental: [OK] 市場統計ニュース [空売り比率]: 4件
2026-06-05 23:59:01 [INFO] fundamental: [OK] 市場統計ニュース [裁定残]: 4件
2026-06-05 23:59:03 [INFO] fundamental: [OK] 市場統計ニュース [投資主体別]: 4件
2026-06-05 23:59:04 [INFO] ai_summary: AI要約生成中: 💱 為替・FX（20件）
2026-06-05 23:59:04 [INFO] fundamental: [OK] 市場統計ニュース [決算情報]: 4件
2026-06-05 23:59:05 [INFO] fundamental: [OK] 市場統計ニュース [レーティング]: 4件
2026-06-05 23:59:06 [INFO] fundamental: [OK] 市場統計ニュース [経済指標]: 4件
2026-06-05 23:59:07 [INFO] ai_summary: AI要約生成中: 🌍 地政学リスク（12件）
2026-06-05 23:59:08 [INFO] fundamental: [OK] 市場統計ニュース [FOMC]: 4件
2026-06-05 23:59:09 [INFO] fundamental: [OK] 市場統計ニュース [日銀会合]: 4件
2026-06-05 23:59:10 [INFO] fundamental: [OK] 市場統計ニュース [先物/オプション]: 4件
2026-06-05 23:59:11 [INFO] fundamental: [OK] 市場統計ニュース [バリュエーション]: 4件
2026-06-05 23:59:15 [INFO] ai_summary: 市場全体コメント生成完了
2026-06-05 23:59:15 [INFO] ai_summary: AI要約完了: 6カテゴリ
2026-06-05 23:59:15 [INFO] run_daily: AI要約保存: C:\Users\中田　洋介\Desktop\tousijouhou\market-ai-secretary\data\raw\2026-06-05_ai_test.json
2026-06-05 23:59:15 [INFO] run_daily: --- Step 8: レポート生成 ---
2026-06-05 23:59:15 [INFO] report_writer: レポート保存: C:\Users\中田　洋介\Desktop\tousijouhou\market-ai-secretary\reports\2026-06-05_test.html
2026-06-05 23:59:15 [INFO] run_daily: HTML: C:\Users\中田　洋介\Desktop\tousijouhou\market-ai-secretary\reports\2026-06-05_test.html
2026-06-05 23:59:15 [INFO] run_daily: --- Step 9: Telegram通知 ---
2026-06-05 23:59:16 [INFO] notify_telegram: Telegram 送信成功
2026-06-05 23:59:18 [INFO] notify_telegram: Telegram 送信成功
2026-06-05 23:59:19 [INFO] fundamental: [OK] 経済カレンダーニュース: 18件
2026-06-05 23:59:19 [INFO] fundamental: === ファンダ分析完了・保存: C:\Users\中田　洋介\Desktop\tousijouhou\market-ai-secretary\data\processed\2026-06-05_fundamental.json ===
2026-06-05 23:59:19 [INFO] run_daily: --- Step 6b: 追加ニュース・Polymarket取得 ---
2026-06-05 23:59:19 [INFO] fetch_extra_news: === 追加ニュース・Polymarket 取得開始 ===
2026-06-05 23:59:19 [INFO] fetch_extra_news: [OK] NHK 経済: 6件
2026-06-05 23:59:19 [INFO] notify_telegram: Telegram 送信成功
2026-06-05 23:59:19 [INFO] run_daily: --- Step 10: iPhone通知（ntfy.sh） ---
2026-06-05 23:59:19 [INFO] notify_iphone: ntfy.sh未設定。スキップします。
2026-06-05 23:59:19 [INFO] run_daily: ====== 完了 [mode=test] ======
2026-06-05 23:59:20 [INFO] fetch_extra_news: [OK] NHK トップ: 5件
2026-06-05 23:59:21 [INFO] fetch_extra_news: [OK] Yahoo! ファイナンス: 6件
2026-06-05 23:59:22 [INFO] fetch_extra_news: [OK] 東洋経済: 5件
2026-06-05 23:59:24 [INFO] fetch_extra_news: [OK] MarketWatch: 5件
2026-06-05 23:59:25 [INFO] fetch_extra_news: [OK] FXStreet（FX専門）: 5件
2026-06-05 23:59:26 [INFO] fetch_extra_news: [OK] Investing.com: 5件
2026-06-05 23:59:27 [INFO] fetch_extra_news: [OK] Yahoo Finance: 5件
2026-06-05 23:59:28 [INFO] fetch_extra_news: [OK] 日銀公式: 5件
2026-06-05 23:59:30 [INFO] fetch_extra_news: [OK] 首相官邸: 4件
2026-06-05 23:59:31 [INFO] fetch_extra_news: [OK] 財務省: 4件
2026-06-05 23:59:33 [INFO] fetch_extra_news: [OK] トレーダーズウェブ: 5件
2026-06-05 23:59:34 [INFO] fetch_extra_news: [OK] トレーダーズウェブFX: 4件
2026-06-05 23:59:37 [INFO] fetch_extra_news: [OK] みんかぶ: 5件
2026-06-05 23:59:38 [INFO] fetch_extra_news: [OK] みんかぶFX: 4件
2026-06-05 23:59:40 [INFO] fetch_extra_news: [OK] 日経225専門: 4件
2026-06-05 23:59:42 [INFO] fetch_extra_news: [OK] OANDA為替: 4件
2026-06-05 23:59:43 [INFO] fetch_extra_news: [OK] 帝国データバンク: 4件
2026-06-05 23:59:44 [INFO] fetch_extra_news: [OK] FedWatch利上げ確率: 4件
2026-06-05 23:59:46 [INFO] fetch_extra_news: [OK] PayPay証券: 3件
2026-06-05 23:59:47 [INFO] fetch_extra_news: [OK] Polymarket: 3件（金融・経済関連）
2026-06-05 23:59:47 [INFO] fetch_extra_news: 追加ニュース保存: 92件 / Polymarket: 3件
2026-06-05 23:59:47 [INFO] fetch_extra_news: === 完了: ニュース92件 / Polymarket3件 ===
2026-06-05 23:59:47 [INFO] run_daily: --- Step 7: Ollama AI要約（カテゴリ別） ---
2026-06-05 23:59:51 [INFO] ai_summary: Ollama AI要約開始: モデル=qwen2.5:3b
2026-06-05 23:59:51 [INFO] ai_summary: AI要約生成中: 🏦 日銀・日本政府（27件）
2026-06-05 23:59:55 [INFO] ai_summary: AI要約生成中: 🇺🇸 FRB・米国金融政策（11件）
2026-06-05 23:59:59 [INFO] ai_summary: AI要約生成中: 📈 米国株市場（24件）
2026-06-06 00:00:02 [INFO] ai_summary: AI要約生成中: 🗾 日本株市場（23件）
2026-06-06 00:00:06 [INFO] ai_summary: AI要約生成中: 💱 為替・FX（20件）
2026-06-06 00:00:09 [INFO] ai_summary: AI要約生成中: 🌍 地政学リスク（12件）
2026-06-06 00:00:17 [INFO] ai_summary: 市場全体コメント生成完了
2026-06-06 00:00:17 [INFO] ai_summary: AI要約完了: 6カテゴリ
2026-06-06 00:00:17 [INFO] run_daily: AI要約保存: C:\Users\中田　洋介\Desktop\tousijouhou\market-ai-secretary\data\raw\2026-06-06_ai_morning.json
2026-06-06 00:00:17 [INFO] run_daily: --- Step 8: レポート生成 ---
2026-06-06 00:00:17 [INFO] run_daily: HTML: C:\Users\中田　洋介\Desktop\tousijouhou\market-ai-secretary\reports\2026-06-06_morning.html
2026-06-06 00:00:17 [INFO] run_daily: --- Step 9: Telegram通知 ---
2026-06-06 00:00:21 [INFO] run_daily: --- Step 10: iPhone通知（ntfy.sh） ---
2026-06-06 00:00:21 [INFO] run_daily: ====== 完了 [mode=morning] ======
